SAMD00034391	GCF_001879565.1	
SAMD00250057	GCF_015097935.1	RAL_AA0164AA
SAMD00250058	GCF_015098135.1	RAL_AA0163AA
SAMD00250059	GCF_015098255.1	RAL_AA0162AA
SAMD00250060	GCF_015098475.1	RAL_AA0161AA
SAMD00250061	GCF_015098595.1	RAL_AA0160AA
SAMD00250062	GCF_015098755.1	RAL_AA0159AA
SAMD00256261	GCF_015698345.1	
SAMD00256262	GCF_015698365.1	RAL_AA0856AA
SAMD00256263	GCF_015698385.1	RAL_AA0855AA
SAMD00657122	GCF_037101315.1	RAL_AA0016AA
SAMD00657123	GCF_037101325.1	RAL_AA0015AA
SAMD00657124	GCF_037101335.1	RAL_AA0014AA
SAMD00657125	GCF_037101345.1	RAL_AA0013AA
SAMD00657126	GCF_037101355.1	RAL_AA0012AA
SAMD00657127	GCF_037101365.1	RAL_AA1757AA
SAMD00889216	GCF_055396965.1	RAL_AA1062AA
SAMD01229170	GCF_055396695.1	RAL_AA1157AA
SAMD01229171	GCF_055396595.1	RAL_AA1156AA
SAMD01229172	GCF_055395975.1	RAL_AA1139AA
SAMD01229173	GCF_055395735.1	RAL_AA1138AA
SAMD01229174	GCF_055395355.1	RAL_AA1137AA
SAMD01229175	GCF_055395135.1	RAL_AA1136AA
SAMD01229176	GCF_055394475.1	RAL_AA1135AA
SAMD01229177	GCF_055394085.1	RAL_AA1134AA
SAMD01229178	GCF_055393675.1	RAL_AA1133AA
SAMD01229179	GCF_055393435.1	RAL_AA1132AA
SAMD01229180	GCF_055392825.1	RAL_AA1131AA
SAMD01229181	GCF_055392285.1	RAL_AA1130AA
SAMD01229182	GCF_055392065.1	RAL_AA1129AA
SAMD01229183	GCF_055391665.1	RAL_AA1128AA
SAMD01229184	GCF_055391285.1	RAL_AA1127AA
SAMD01229185	GCF_055390885.1	RAL_AA1126AA
SAMD01229186	GCF_055390545.1	
SAMD01229187	GCF_055390165.1	RAL_AA1124AA
SAMD01229188	GCF_055389745.1	
SAMD01229189	GCF_055389375.1	RAL_AA1106AA
SAMD01229190	GCF_055388985.1	RAL_AA1105AA
SAMD01229191	GCF_055388585.1	RAL_AA1104AA
SAMD01229192	GCF_055388055.1	RAL_AA1103AA
SAMD01229193	GCF_055387825.1	RAL_AA1102AA
SAMD01229194	GCF_055387485.1	RAL_AA1101AA
SAMD01229195	GCF_055387035.1	RAL_AA1100AA
SAMD01229196	GCF_055386735.1	
SAMD01229197	GCF_055386225.1	RAL_AA1098AA
SAMD01229198	GCF_055385855.1	RAL_AA1097AA
SAMD01229199	GCF_055385485.1	RAL_AA1096AA
SAMD01229200	GCF_055385175.1	RAL_AA1095AA
SAMD01229201	GCF_055384715.1	RAL_AA1094AA
SAMD01229202	GCF_055542735.1	RAL_AA1093AA
SAMD01229203	GCF_055383775.1	RAL_AA1092AA
SAMD01229204	GCF_055383415.1	RAL_AA1155AA
SAMD01229205	GCF_055383015.1	
SAMD01229206	GCF_055382575.1	RAL_AA1153AA
SAMD01229207	GCF_055382075.1	RAL_AA1152AA
SAMD01229208	GCF_055381715.1	RAL_AA1151AA
SAMD01229209	GCF_055381295.1	
SAMD01229210	GCF_055380885.1	RAL_AA1149AA
SAMD01229211	GCF_055380435.1	RAL_AA1148AA
SAMD01229212	GCF_055380045.1	
SAMD01229213	GCF_055379705.1	RAL_AA1146AA
SAMD01229214	GCF_055379425.1	RAL_AA1145AA
SAMD01229215	GCF_055378945.1	RAL_AA1144AA
SAMD01229216	GCF_055378695.1	RAL_AA1143AA
SAMD01229217	GCF_055378275.1	
SAMD01229218	GCF_055398245.1	RAL_AA1141AA
SAMD01229219	GCF_055398065.1	RAL_AA1140AA
SAMD01229220	GCF_055397765.1	RAL_AA1091AA
SAMD01229221	GCF_055397595.1	RAL_AA1090AA
SAMD01229222	GCF_055397415.1	RAL_AA1089AA
SAMD01229223	GCF_055397205.1	RAL_AA1088AA
SAMD01229224	GCF_055396955.1	RAL_AA1087AA
SAMD01229225	GCF_055396855.1	RAL_AA1086AA
SAMD01229226	GCF_055396565.1	RAL_AA1085AA
SAMD01229227	GCF_055396295.1	
SAMD01229228	GCF_055395705.1	RAL_AA1083AA
SAMD01229229	GCF_055395325.1	RAL_AA1082AA
SAMD01229230	GCF_055395105.1	RAL_AA1081AA
SAMD01229231	GCF_055394465.1	RAL_AA1080AA
SAMD01229232	GCF_055394015.1	RAL_AA1079AA
SAMD01229233	GCF_055393665.1	
SAMD01229234	GCF_055393385.1	RAL_AA1077AA
SAMD01229235	GCF_055392795.1	RAL_AA1076AA
SAMD01229236	GCF_055392275.1	
SAMD01229237	GCF_055392015.1	RAL_AA1122AA
SAMD01229238	GCF_055391615.1	RAL_AA1121AA
SAMD01229239	GCF_055391275.1	RAL_AA1120AA
SAMD01229240	GCF_055390875.1	RAL_AA1119AA
SAMD01229241	GCF_055390515.1	RAL_AA1118AA
SAMD01229242	GCF_055390135.1	RAL_AA1117AA
SAMD01229243	GCF_055389715.1	RAL_AA1116AA
SAMD01229244	GCF_055389345.1	RAL_AA1115AA
SAMD01229245	GCF_055388975.1	RAL_AA1114AA
SAMD01229246	GCF_055388575.1	RAL_AA1113AA
SAMD01229247	GCF_055388045.1	RAL_AA1112AA
SAMD01229248	GCF_055387795.1	RAL_AA1111AA
SAMD01229249	GCF_055387435.1	RAL_AA1110AA
SAMD01229250	GCF_055387005.1	RAL_AA1109AA
SAMD01229251	GCF_055386725.1	RAL_AA1108AA
SAMD01229252	GCF_055386205.1	RAL_AA1075AA
SAMD01229253	GCF_055385805.1	
SAMD01229254	GCF_055385455.1	RAL_AA1073AA
SAMD01229255	GCF_055385165.1	
SAMD01229256	GCF_055384705.1	RAL_AA1071AA
SAMD01229257	GCF_055384275.1	RAL_AA1070AA
SAMD01229258	GCF_055383745.1	RAL_AA1069AA
SAMD01229259	GCF_055383385.1	
SAMD01229260	GCF_055382985.1	RAL_AA1067AA
SAMD01229261	GCF_055382505.1	RAL_AA1066AA
SAMD01229262	GCF_055382065.1	RAL_AA1065AA
SAMD01229263	GCF_055381665.1	RAL_AA1064AA
SAMD01229264	GCF_055381255.1	
SAMD01900705		RAL_AA1985AA
SAMD01900706		RAL_AA1984AA
SAMEA10977830	GCF_919592095.1	RAL_AA1758AA
SAMEA10977831	GCF_024925465.1;GCF_919586305.1	RAL_AA0055AA
SAMEA118817294	GCA_965651225.1	
SAMEA118821850	GCA_965653545.1	
SAMEA118939735	GCA_966250315.1	
SAMEA2272112	GCF_000283475.1	
SAMEA2272127	GCF_000427195.1	
SAMEA2272283	GCF_000197855.1	
SAMEA2272760	GCF_000285815.1	
SAMEA3137588	GCF_000825925.1	
SAMEA3137589	GCF_000825905.1	
SAMEA3137590	GCF_000825885.1	
SAMEA3137591	GCF_000825865.1	
SAMEA3137592	GCF_000825785.1	
SAMEA3137593	GCF_000825805.1	
SAMEA3137594	GCF_000825825.1	
SAMEA3137596	GCF_000825845.1	
SAMEA3138192	GCF_000009125.1	
SAMEA3138396	GCF_000212635.3	
SAMEA3158502	GCF_001050995.1	
SAMEA3218683	GCF_001373255.1	
SAMEA3218684	GCF_001373275.1	
SAMEA3218685	GCF_001373295.1	
SAMEA3218686	GCF_001373315.1	
SAMEA3292285	GCF_001373335.1	
SAMEA6864015		RAL_AA0851AA
SAMEA6864016		RAL_AA0850AA
SAMEA6864017		RAL_AA0849AA
SAMEA6864018		RAL_AA0848AA
SAMEA6864019		RAL_AA0847AA
SAMEA6864020		RAL_AA0846AA
SAMEA6864021		RAL_AA0845AA
SAMEA6864022		RAL_AA0844AA
SAMEA6864023		RAL_AA0843AA
SAMEA6864024		RAL_AA0842AA
SAMEA6864025		RAL_AA0841AA
SAMEA6864026		RAL_AA0840AA
SAMEA6864027		RAL_AA0839AA
SAMEA6864028		RAL_AA0838AA
SAMEA6864029		RAL_AA0837AA
SAMEA6864030		RAL_AA0836AA
SAMEA6864031		RAL_AA0835AA
SAMEA6864032		RAL_AA0834AA
SAMEA6864033		RAL_AA0833AA
SAMEA6864034		RAL_AA0832AA
SAMEA6864035		RAL_AA0831AA
SAMEA6864036		RAL_AA0830AA
SAMEA6864037		RAL_AA0829AA
SAMEA6864038		RAL_AA0827AA
SAMEA6864039		RAL_AA0828AA
SAMN02152298	GCF_001855495.2	
SAMN02444146	GCF_000671335.1	
SAMN02469793	GCF_002155245.1;GCF_000331875.1	
SAMN02469797	GCF_000331895.1	
SAMN02470050	GCF_000430925.2	
SAMN02471768	GCF_000167955.1	
SAMN02472178	GCF_000223115.1	
SAMN02585053	GCF_000525615.2	
SAMN02602917	GCF_000671315.1	
SAMN02603298	GCF_000348545.1	
SAMN02603411	GCF_000215325.1	
SAMN02716068	GCF_001644805.2	RAL_AA0960AA
SAMN02821162	GCF_000710695.1	
SAMN02863150	GCF_000710135.2	
SAMN02999387	GCF_002930085.2	RAL_AA0981AA
SAMN03009919	GCF_000749995.1	
SAMN03009966	GCF_000750575.1	
SAMN03009990	GCF_000750585.1	
SAMN03197780	GCF_001065525.1	
SAMN03256333	GCF_001644795.1	RAL_AA0962AA
SAMN03256353	GCF_001644815.1	RAL_AA0963AA
SAMN03256358	GCF_001644855.1	
SAMN03256359	GCF_001644865.1	
SAMN03402637	GCF_001299555.1	
SAMN03765174	GCF_001645725.1	
SAMN03765658	GCA_001267515.1	
SAMN03837633	GCF_001891105.1	
SAMN04123295	GCF_001587135.1	
SAMN04123299	GCF_001587155.1	
SAMN04158631	GCF_001484095.1	
SAMN04216070	GCF_001696865.1	RAL_AA0979AA
SAMN04216071	GCF_001696855.1	RAL_AA0978AA
SAMN04216072	GCF_001696845.1	RAL_AA0977AA
SAMN04216073	GCF_001696875.1	RAL_AA0976AA
SAMN04537371	GCF_001663415.1	
SAMN04538211	GCF_001586135.1	
SAMN04539710	GCF_001708525.1	
SAMN05392572	GCF_001887535.1	
SAMN05437153	GCF_002220465.1	
SAMN05789166	GCF_001901665.1	
SAMN05879716	GCF_001870805.1	RAL_AA0974AA
SAMN05879717	GCF_001870825.1	RAL_AA0973AA
SAMN05879718	GCF_001876975.1	RAL_AA0972AA
SAMN05879719	GCF_001876985.1	RAL_AA0971AA
SAMN05879720	GCF_001854265.1	RAL_AA0970AA
SAMN05892025	GCA_001920885.2	
SAMN05892026	GCA_001920905.2	
SAMN05892027	GCA_001920895.2	
SAMN05942177		RAL_AA0966AA
SAMN06034710		RAL_AA0965AA
SAMN06189571	GCF_003337165.1	RAL_AA0929AA
SAMN06289803	GCF_002012345.1	
SAMN06560052	GCF_002029885.1	
SAMN06560053	GCF_002029895.1	
SAMN06560054	GCF_002029865.1	
SAMN06610220	GCF_002162015.1	
SAMN06697627	GCF_002251695.1	
SAMN06697628	GCF_002251605.2	
SAMN06697629	GCF_002251655.1	
SAMN07176573	GCF_002501565.1	
SAMN07187861	GCF_003595305.1	
SAMN07187863	GCF_003612975.2	
SAMN07189980	GCF_002549815.1	
SAMN07311587	GCF_003999715.1	
SAMN07430682	GCF_003515445.1	
SAMN07430683	GCF_003515425.1	
SAMN07430684	GCF_003515225.1	
SAMN07430685	GCF_003515405.1	
SAMN07430686	GCF_003515385.1	
SAMN07430687	GCF_003515205.1	
SAMN07430688	GCF_003515185.1	
SAMN07430689	GCF_003515625.1	
SAMN07430690	GCF_003515365.1	
SAMN07430691	GCF_003515345.1	
SAMN07430692	GCF_003515605.1	
SAMN07430693	GCF_003515585.1	
SAMN07430694	GCF_003515165.1	
SAMN07430695	GCF_003515325.1	
SAMN07430696	GCF_003515305.1	
SAMN07430697	GCF_003515565.1	
SAMN07430698	GCF_003515145.1	
SAMN07430699	GCF_003515545.1	
SAMN07430700	GCF_003515285.1	
SAMN07430701	GCF_003515525.1	
SAMN07430702	GCF_003515505.1	
SAMN07430703	GCF_003515265.1	
SAMN07430704	GCF_003515485.1	
SAMN07430705	GCF_003515465.1	
SAMN07430706	GCF_003515245.1	
SAMN07436295	GCF_003595325.1	
SAMN08043155	GCF_002894795.1	
SAMN08043183	GCF_002894765.1	
SAMN08043185	GCF_002894785.1	
SAMN08046731	GCF_002894775.1	
SAMN08048783	GCF_002894845.1	
SAMN08180272	GCF_002894285.1	
SAMN08196801	GCF_003576625.1	RAL_AA0927AA
SAMN08378579	GCF_008271875.1	
SAMN08378580	GCF_008271845.1	
SAMN08378581	GCF_008271855.1	
SAMN08378582	GCF_008271775.1	
SAMN08378625	GCF_003590585.2	
SAMN08380407	GCF_003590625.2	
SAMN08384893	GCF_003590605.1	
SAMN08407853	GCF_003576005.1	RAL_AA0928AA
SAMN09425310	GCF_003256425.1	
SAMN09425311	GCF_003256445.1	
SAMN09425312	GCF_003256405.1	
SAMN10351675	GCF_003725665.1	
SAMN10366522	GCF_003860745.1	
SAMN10366523	GCF_003860665.1	
SAMN10366524	GCF_003860765.1	
SAMN10366525	GCF_003860685.1	
SAMN10366526	GCF_003860705.1	
SAMN10366527	GCF_003860725.1	
SAMN11352627	GCF_006088755.1	
SAMN12500621	GCF_008000395.1	
SAMN13348487	GCF_014884725.1	
SAMN13348488	GCF_014884705.1	
SAMN13348489	GCF_014884685.1	
SAMN13503698	GCF_011420365.1	
SAMN13503699	GCF_012062585.1	
SAMN13503700	GCF_012062465.1	
SAMN13503701	GCF_012062655.1	
SAMN13503702	GCF_012062605.1	
SAMN13503703	GCF_012062595.1	
SAMN13503704	GCF_012062645.1	
SAMN13503705	GCF_012271525.1	
SAMN13503706	GCF_012271545.1	
SAMN13503707	GCF_012271495.1	
SAMN13503708	GCF_012062505.1	
SAMN13503709	GCF_012271485.1	
SAMN13503710	GCF_012271445.1	
SAMN13503711	GCF_012062495.1	
SAMN13503712	GCF_012271435.1	
SAMN13503713	GCF_012271415.1	
SAMN13503714	GCF_012271385.1	
SAMN13503715	GCF_012271355.1	
SAMN13503716	GCF_012271325.1	
SAMN13503717	GCF_012271305.1	
SAMN13503718	GCF_012062545.1	
SAMN13503719	GCF_012271315.1	
SAMN13503720	GCF_012062825.1	
SAMN13503721	GCF_012062785.1	
SAMN13503722	GCF_012062775.1	
SAMN13503723	GCF_012062765.1	
SAMN13503724	GCF_012062745.1	
SAMN13503725	GCF_012062685.1	
SAMN13503726	GCF_012062725.1	
SAMN13503727	GCF_012062695.1	
SAMN13518540	GCF_018243215.1	
SAMN13518656	GCF_018243235.1	
SAMN13633964	GCA_009832785.1	
SAMN13639769	GCA_009832805.1	
SAMN14207021	GCF_012562465.1	
SAMN14262744	GCF_011290425.1	
SAMN14262754	GCF_011290445.1	
SAMN14262755	GCF_011290465.1	
SAMN14262756	GCF_011290405.1	
SAMN14490830	GCF_023130835.1	
SAMN14490831	GCF_023130775.1	
SAMN14490832	GCF_023130815.1	
SAMN14490833	GCF_023130765.1	
SAMN14490835	GCF_023130755.1	
SAMN14490836	GCF_023130735.1	
SAMN14490837	GCF_023130685.1	
SAMN14490838	GCF_023130705.1	
SAMN14490839	GCF_023130655.1	
SAMN14523983	GCF_013306955.1	
SAMN14523984	GCF_013306935.1	
SAMN14523985	GCF_013306915.1	
SAMN14523986	GCF_013306875.1	
SAMN14523987	GCF_013306845.1	
SAMN14523988	GCF_013306825.1	
SAMN14523989	GCF_013306785.1	
SAMN14523990	GCF_013306805.1	
SAMN14523991	GCF_013306765.1	
SAMN14523992	GCF_013306745.1	
SAMN14523993	GCF_013306655.1	
SAMN14523994	GCF_013306575.1	
SAMN14523995	GCF_013306545.1	
SAMN14523996	GCF_013306515.1	
SAMN14523997	GCF_013306495.1	
SAMN14523998	GCF_013306455.1	
SAMN14523999	GCF_013306475.1	
SAMN14524000	GCF_013306435.1	
SAMN14524001	GCF_013306415.1	
SAMN14524002	GCF_013306375.1	
SAMN14524003	GCF_013306395.1	
SAMN14524004	GCF_013306355.1	
SAMN14524005	GCF_013306335.1	
SAMN14524006	GCF_013306315.1	
SAMN14524007	GCF_013306295.1	
SAMN14524008	GCF_013306275.1	
SAMN14524009	GCF_013306255.1	
SAMN14524010	GCF_013306235.1	
SAMN14524011	GCF_013306205.1	
SAMN14524012	GCF_013306155.1	
SAMN14524013	GCF_013306095.1	
SAMN14524015	GCF_013306015.1	
SAMN14683366	GCF_018733955.1	
SAMN15102643	GCF_013359535.1	
SAMN15235522	GCF_014490805.1	
SAMN15331471	GCF_013375715.1	
SAMN15331499	GCF_013375735.1	
SAMN15331500	GCF_013704765.1	
SAMN15371198	GCF_014210395.1	
SAMN15371199	GCF_014210375.1	
SAMN15371200	GCF_014210335.1	
SAMN15371201	GCF_014210345.1	
SAMN15623711	GCF_014041975.1	
SAMN15722379		RAL_AA0096AA
SAMN15722380		RAL_AA0093AA
SAMN15722381		RAL_AA0098AA
SAMN15722382		RAL_AA0097AA
SAMN15722383		RAL_AA0095AA
SAMN15722384		RAL_AA0094AA
SAMN15722385		RAL_AA0092AA
SAMN15722386		RAL_AA0091AA
SAMN15722387		RAL_AA0090AA
SAMN15722388		RAL_AA0089AA
SAMN16125433	GCF_015912375.1	RAL_AA0087AA
SAMN16125434	GCF_015912385.1	RAL_AA0086AA
SAMN16125435	GCF_015912335.1	RAL_AA0081AA
SAMN16125436	GCF_015912315.1	RAL_AA0080AA
SAMN16125437	GCF_015912355.1	RAL_AA0077AA
SAMN16125438	GCF_015912285.1	RAL_AA0073AA
SAMN16125439	GCF_015912275.1	RAL_AA0072AA
SAMN16125440	GCF_015912245.1	RAL_AA0071AA
SAMN16125441	GCF_015912235.1	RAL_AA0861AA
SAMN16125442	GCF_015912205.1	RAL_AA0068AA
SAMN16125443	GCF_015912175.1	RAL_AA0085AA
SAMN16125444	GCF_015912195.1	RAL_AA0084AA
SAMN16125445	GCF_015912145.1	RAL_AA0083AA
SAMN16125446	GCF_015912135.1	RAL_AA0920AA
SAMN16125447	GCF_015912085.1	RAL_AA0919AA
SAMN16125448	GCF_015912105.1	RAL_AA0918AA
SAMN16125449	GCF_015912065.1	RAL_AA0917AA
SAMN16125450	GCF_015912055.1	RAL_AA0082AA
SAMN16125451	GCF_015912035.1	RAL_AA0916AA
SAMN16125452	GCF_015912005.1	RAL_AA0915AA
SAMN16125453	GCF_015911985.1	RAL_AA0914AA
SAMN16125454	GCF_015911975.1	RAL_AA0913AA
SAMN16125455	GCF_015911945.1	RAL_AA0912AA
SAMN16125456	GCF_015911935.1	RAL_AA0911AA
SAMN16125457	GCF_015911895.1	RAL_AA0910AA
SAMN16125458	GCF_015911875.1	RAL_AA0909AA
SAMN16125459	GCF_015911905.1	RAL_AA0908AA
SAMN16125460	GCF_015911835.1	RAL_AA0907AA
SAMN16125461	GCF_015911845.1	RAL_AA0906AA
SAMN16125462	GCF_015911795.1	RAL_AA0905AA
SAMN16125463	GCF_015911785.1	RAL_AA0904AA
SAMN16125464	GCF_015911775.1	RAL_AA0903AA
SAMN16125465	GCF_015911755.1	
SAMN16125466	GCF_015911725.1	RAL_AA0902AA
SAMN16125467	GCF_015911715.1	RAL_AA0901AA
SAMN16125468	GCF_015911685.1	RAL_AA0900AA
SAMN16125469	GCF_015911675.1	RAL_AA0899AA
SAMN16125470	GCF_015911645.1	
SAMN16125471	GCF_015911625.1	RAL_AA0898AA
SAMN16125472	GCF_015911615.1	RAL_AA0078AA
SAMN16125473	GCF_015911585.1	RAL_AA0897AA
SAMN16125474	GCF_015911555.1	RAL_AA0896AA
SAMN16125475	GCF_015911565.1	RAL_AA0895AA
SAMN16125476	GCF_015911515.1	RAL_AA0894AA
SAMN16125477	GCF_015911505.1	RAL_AA0076AA
SAMN16125478	GCF_015911495.1	RAL_AA0075AA
SAMN16125479	GCF_015911455.1	RAL_AA0893AA
SAMN16125480	GCF_015911465.1	RAL_AA0892AA
SAMN16125481	GCF_015911415.1	RAL_AA0891AA
SAMN16125482	GCF_015911375.1	RAL_AA0074AA
SAMN16125483	GCF_015911405.1	RAL_AA0890AA
SAMN16125484	GCF_015911395.1	RAL_AA0889AA
SAMN16125485	GCF_015911355.1	RAL_AA0888AA
SAMN16125486	GCF_015911305.1	RAL_AA0887AA
SAMN16125487	GCF_015911295.1	RAL_AA0886AA
SAMN16125488	GCF_015911255.1	RAL_AA0885AA
SAMN16125489	GCA_015911285.1	RAL_AA0884AA
SAMN16125490	GCF_015911275.1	RAL_AA0883AA
SAMN16125491	GCF_015911215.1	RAL_AA0882AA
SAMN16125492	GCF_015911195.1	RAL_AA0881AA
SAMN16125493	GCF_015911205.1	RAL_AA0880AA
SAMN16125494	GCF_015911165.1	RAL_AA0879AA
SAMN16125495	GCF_015911155.1	RAL_AA0878AA
SAMN16125496	GCF_015911115.1	RAL_AA0877AA
SAMN16125497	GCF_015911055.1	RAL_AA0876AA
SAMN16125498	GCF_015911095.1	RAL_AA0875AA
SAMN16125499	GCF_015911075.1	RAL_AA0874AA
SAMN16125500	GCF_015911025.1	RAL_AA0873AA
SAMN16125501	GCF_015911065.1	RAL_AA0872AA
SAMN16125502	GCF_015911015.1	RAL_AA0871AA
SAMN16125503	GCF_015910965.1	RAL_AA0870AA
SAMN16125504	GCF_015910975.1	RAL_AA0070AA
SAMN16125505	GCF_015910955.1	RAL_AA0069AA
SAMN16125506	GCF_015910925.1	RAL_AA0869AA
SAMN16125507	GCF_015910915.1	RAL_AA0868AA
SAMN16125508	GCF_015910875.1	RAL_AA0867AA
SAMN16125509	GCF_015910885.1	RAL_AA0866AA
SAMN16125510	GCF_015910855.1	RAL_AA0865AA
SAMN16125511	GCF_015910825.1	RAL_AA0864AA
SAMN16125512	GCF_015910795.1	RAL_AA0863AA
SAMN16125513	GCF_015910755.1	RAL_AA0862AA
SAMN16125514	GCF_015910785.1	RAL_AA0860AA
SAMN16125515	GCF_015910775.1	RAL_AA0859AA
SAMN16125516	GCF_015910735.1	
SAMN16125517	GCF_015910695.1	
SAMN16125518	GCF_015910645.1	
SAMN16125519	GCF_015910705.1	
SAMN16125520	GCF_015910655.1	
SAMN16125521	GCF_015910595.1	
SAMN16125522	GCF_015910635.1	
SAMN16125523	GCF_015910515.1	
SAMN16396878	GCF_015999365.1	
SAMN17266611	GCF_016743075.1	
SAMN17601211	GCF_023518395.1	
SAMN18316930	GCF_018540425.1	
SAMN19372447	GCF_018731965.1	
SAMN19546226	GCA_018861195.1	
SAMN20308689	GCF_019737115.1	
SAMN20349546	GCF_056815655.1	
SAMN21464294	GCF_028177635.1	
SAMN21464295	GCF_028177545.1	
SAMN21464296	GCF_028177505.1	
SAMN21464297	GCF_028177485.1	
SAMN21464298	GCF_028177365.1	
SAMN21464299	GCF_028177375.1	
SAMN21464300	GCF_028177325.1	
SAMN21464301	GCF_028177305.1	
SAMN21464302	GCF_028177285.1	
SAMN21464303	GCF_028177185.1	
SAMN21464305	GCF_028177135.1	
SAMN21464307	GCF_028177125.1	
SAMN21464309	GCF_028177115.1	
SAMN21464310	GCF_028177105.1	
SAMN21855734	GCF_049888615.1	
SAMN21855735	GCF_049888595.1	
SAMN21855736	GCF_049888575.1	
SAMN21855737	GCF_049888545.1	
SAMN21855738	GCF_049888535.1	
SAMN21855739	GCF_049888515.1	
SAMN21855740	GCF_049888495.1	
SAMN21855741	GCF_049888475.1	
SAMN21906699	GCF_026016705.1	
SAMN21906700	GCF_026016745.1	
SAMN21906701	GCF_026016725.1	
SAMN22170845	GCF_026016625.1	
SAMN22170846	GCF_026016645.1	
SAMN22367847	GCF_024460955.1	
SAMN22566571		RAL_AA0820AA
SAMN22566572		RAL_AA0819AA
SAMN22566573		RAL_AA0818AA
SAMN22566574		RAL_AA0817AA
SAMN22566575		RAL_AA0826AA
SAMN22566576		RAL_AA0825AA
SAMN22566577		RAL_AA0824AA
SAMN22566578		RAL_AA0823AA
SAMN22566579		RAL_AA0822AA
SAMN22566580		RAL_AA0821AA
SAMN22612246	GCF_023077635.1	RAL_AA0816AA
SAMN22612247	GCF_023077615.1	
SAMN22612248	GCF_023077585.1	RAL_AA0769AA
SAMN22612249	GCF_023077555.1	RAL_AA0758AA
SAMN22612250	GCF_023077575.1	
SAMN22612251	GCF_023077535.1	
SAMN22612252	GCF_023077515.1	
SAMN22612253	GCF_023077495.1	
SAMN22612254	GCF_023077475.1	RAL_AA0706AA
SAMN22612255	GCF_023077435.1	RAL_AA0696AA
SAMN22612256	GCF_023077445.1	
SAMN22612257	GCF_023077395.1	RAL_AA0066AA
SAMN22612258	GCF_023077375.1	RAL_AA0796AA
SAMN22612259	GCF_023077415.1	RAL_AA0785AA
SAMN22612260	GCF_023077355.1	RAL_AA0777AA
SAMN22612261	GCF_023077335.1	RAL_AA0773AA
SAMN22612262	GCF_023077315.1	RAL_AA0772AA
SAMN22612264	GCF_023077295.1	RAL_AA0771AA
SAMN22612265	GCF_023077255.1	RAL_AA0770AA
SAMN22612266	GCF_023077275.1	
SAMN22612267	GCF_023077235.1	RAL_AA0767AA
SAMN22612268	GCF_023077195.1	RAL_AA0766AA
SAMN22612269	GCF_021117135.1	
SAMN22612270	GCF_023077175.1	RAL_AA0764AA
SAMN22612271	GCF_023077155.1	RAL_AA0763AA
SAMN22612272	GCF_023077135.1	
SAMN22612273	GCF_023077215.1	
SAMN22612274	GCF_023077115.1	RAL_AA0760AA
SAMN22612275	GCF_023077095.1	
SAMN22612276	GCF_023077075.1	
SAMN22612277	GCF_023077055.1	RAL_AA0756AA
SAMN22612278	GCF_023077035.1	
SAMN22612279	GCF_023076975.1	RAL_AA0754AA
SAMN22612280	GCF_023077005.1	RAL_AA0753AA
SAMN22612281	GCF_023076945.1	
SAMN22612282	GCF_023076985.1	RAL_AA0751AA
SAMN22612283	GCF_023076935.1	RAL_AA0750AA
SAMN22612284	GCF_023076895.1	
SAMN22612285	GCF_023076905.1	RAL_AA0748AA
SAMN22612287	GCF_023076865.1	
SAMN22612288	GCF_023076855.1	
SAMN22612289	GCF_023076835.1	
SAMN22612290	GCF_023076805.1	
SAMN22612291	GCF_023076795.1	
SAMN22612292	GCF_023076755.1	
SAMN22612293	GCF_023076775.1	RAL_AA0739AA
SAMN22612294	GCF_023076735.1	
SAMN22612295	GCF_023076635.1	
SAMN22612296	GCF_023076695.1	
SAMN22612297	GCF_023076655.1	
SAMN22612298	GCF_023076705.1	RAL_AA0060AA
SAMN22612299	GCF_023076675.1	RAL_AA0733AA
SAMN22612300	GCF_023076615.1	RAL_AA0059AA
SAMN22612301	GCF_023076575.1	RAL_AA0732AA
SAMN22612302	GCF_023076545.1	RAL_AA0731AA
SAMN22612303	GCF_023076565.1	RAL_AA0730AA
SAMN22612304	GCF_023076535.1	RAL_AA0729AA
SAMN22612305	GCF_023076515.1	RAL_AA0728AA
SAMN22612306	GCF_023076435.1	RAL_AA0726AA
SAMN22612307	GCF_023076485.1	RAL_AA0725AA
SAMN22612308	GCF_023076455.1	RAL_AA0724AA
SAMN22612309	GCF_023076475.1	RAL_AA0723AA
SAMN22612310	GCF_023076375.1	
SAMN22612311	GCF_023076355.1	
SAMN22612312	GCF_023076335.1	
SAMN22612313	GCF_023076295.1	
SAMN22612314	GCF_023076395.1	
SAMN22612315	GCF_023076415.1	
SAMN22612316	GCF_023076315.1	
SAMN22612317	GCF_023076265.1	
SAMN22612318	GCF_023076255.1	RAL_AA0713AA
SAMN22612319	GCF_023076235.1	RAL_AA0712AA
SAMN22612320	GCF_023076195.1	RAL_AA0058AA
SAMN22612321	GCF_023076215.1	RAL_AA0711AA
SAMN22612322	GCF_023076155.1	RAL_AA0710AA
SAMN22612323	GCF_023076165.1	
SAMN22612324	GCF_023076075.1	RAL_AA0708AA
SAMN22612325	GCF_023076095.1	RAL_AA0707AA
SAMN22612326	GCF_023076105.1	RAL_AA0705AA
SAMN22612327	GCF_023076055.1	RAL_AA0704AA
SAMN22612328	GCF_023076035.1	RAL_AA0703AA
SAMN22612329	GCF_023076135.1	RAL_AA0702AA
SAMN22612330	GCF_023076005.1	RAL_AA0701AA
SAMN22612331	GCF_023075995.1	RAL_AA0700AA
SAMN22612332	GCF_023075975.1	RAL_AA0699AA
SAMN22612333	GCF_023075915.1	
SAMN22612334	GCF_023075955.1	
SAMN22612335	GCF_023075905.1	RAL_AA0057AA
SAMN22612336	GCF_023075895.1	RAL_AA0695AA
SAMN22612337	GCF_023075875.1	RAL_AA0056AA
SAMN22612338	GCF_023075835.1	RAL_AA0694AA
SAMN22612339	GCF_023075825.1	RAL_AA0693AA
SAMN22612340	GCF_023075785.1	RAL_AA0692AA
SAMN22612341	GCF_023075815.1	RAL_AA0691AA
SAMN22612342	GCF_023075775.1	RAL_AA0690AA
SAMN22612343	GCF_023075715.1	RAL_AA0689AA
SAMN22612344	GCF_023075675.1	RAL_AA0688AA
SAMN22612345	GCF_023075685.1	RAL_AA0687AA
SAMN22612346	GCF_023075695.1	RAL_AA0813AA
SAMN22612347	GCF_023075655.1	RAL_AA0812AA
SAMN22612348	GCF_023075635.1	RAL_AA0811AA
SAMN22612349	GCF_023075615.1	RAL_AA0810AA
SAMN22612350	GCF_023075705.1	RAL_AA0809AA
SAMN22612351	GCF_023075595.1	RAL_AA0808AA
SAMN22612352	GCF_023075575.1	RAL_AA0807AA
SAMN22612353	GCF_023075555.1	RAL_AA0806AA
SAMN22612354	GCF_023075515.1	RAL_AA0805AA
SAMN22612355	GCF_023075535.1	RAL_AA0067AA
SAMN22612356	GCF_023075475.1	RAL_AA0804AA
SAMN22612357	GCF_023075435.1	RAL_AA0803AA
SAMN22612358	GCF_023075455.1	RAL_AA0802AA
SAMN22612359	GCF_023075415.1	RAL_AA0065AA
SAMN22612360	GCF_023075395.1	
SAMN22612361	GCF_023075495.1	RAL_AA0800AA
SAMN22612362	GCF_023075375.1	RAL_AA0064AA
SAMN22612363	GCF_023075355.1	RAL_AA0799AA
SAMN22612364	GCF_023075335.1	
SAMN22612365	GCF_021117115.1	
SAMN22612366	GCF_023075295.1	RAL_AA0795AA
SAMN22612367	GCF_023075305.1	
SAMN22612368	GCF_021117095.1	
SAMN22612369	GCF_023075275.1	
SAMN22612370	GCF_023075255.1	RAL_AA0791AA
SAMN22612371	GCF_023075235.1	RAL_AA0790AA
SAMN22612372	GCF_023075215.1	RAL_AA0789AA
SAMN22612373	GCF_023075155.1	RAL_AA0788AA
SAMN22612374	GCF_023075165.1	RAL_AA0787AA
SAMN22612375	GCF_023075175.1	RAL_AA0786AA
SAMN22612376	GCF_023075135.1	
SAMN22612377	GCF_023075115.1	RAL_AA0063AA
SAMN22612378	GCF_023075075.1	RAL_AA0783AA
SAMN22612379	GCF_023075095.1	RAL_AA0782AA
SAMN22612380	GCF_023075045.1	
SAMN22612381	GCF_023075035.1	RAL_AA0062AA
SAMN22612382	GCF_023075015.1	
SAMN22612383	GCF_023074975.1	RAL_AA0061AA
SAMN22612384	GCF_023074955.1	
SAMN22612385	GCF_023074935.1	RAL_AA0778AA
SAMN22612386	GCF_023074915.1	RAL_AA0776AA
SAMN22612387	GCF_023074895.1	RAL_AA0686AA
SAMN22612388	GCF_023074995.1	RAL_AA0775AA
SAMN22612389	GCF_023074875.1	
SAMN23101910	GCF_020923475.1	
SAMN23345431	GCA_021229115.1	
SAMN24702282	GCF_021462455.1	
SAMN24896226	GCA_022808635.1	
SAMN25611842	GCF_022095055.1	
SAMN26550128	GCF_022625045.1	
SAMN27356470		RAL_AA0551AA
SAMN27356471		RAL_AA0550AA
SAMN27356472		RAL_AA0353AA
SAMN27356473		RAL_AA0463AA
SAMN27356474		RAL_AA0392AA
SAMN27356475		RAL_AA0352AA
SAMN27356476		RAL_AA0544AA
SAMN27356477		RAL_AA0533AA
SAMN27356478		RAL_AA0417AA
SAMN27356479		RAL_AA0409AA
SAMN27356480		RAL_AA0549AA
SAMN27356481		RAL_AA0515AA
SAMN27356482		RAL_AA0506AA
SAMN27356483		RAL_AA0452AA
SAMN27356484		RAL_AA0442AA
SAMN27356485		RAL_AA0497AA
SAMN27356486		RAL_AA0252AA
SAMN27356487		RAL_AA0434AA
SAMN27356488		RAL_AA0426AA
SAMN27356489		RAL_AA0478AA
SAMN27356490		RAL_AA0473AA
SAMN27356491		RAL_AA0472AA
SAMN27356492		RAL_AA0471AA
SAMN27356493		RAL_AA0470AA
SAMN27356494		RAL_AA0469AA
SAMN27356496		RAL_AA0467AA
SAMN27356497		RAL_AA0466AA
SAMN27356498		RAL_AA0465AA
SAMN27356499		RAL_AA0464AA
SAMN27356500		RAL_AA0462AA
SAMN27356501		RAL_AA0461AA
SAMN27356502		RAL_AA0460AA
SAMN27356503		RAL_AA0241AA
SAMN27356505		RAL_AA0397AA
SAMN27356506		RAL_AA0396AA
SAMN27356507		RAL_AA0395AA
SAMN27356508		RAL_AA0394AA
SAMN27356509		RAL_AA0393AA
SAMN27356510		RAL_AA0391AA
SAMN27356511		RAL_AA0390AA
SAMN27356512		RAL_AA0389AA
SAMN27356513		RAL_AA0388AA
SAMN27356514		RAL_AA0387AA
SAMN27356515		RAL_AA0386AA
SAMN27356516		RAL_AA0385AA
SAMN27356517		RAL_AA0384AA
SAMN27356518		RAL_AA0383AA
SAMN27356519		RAL_AA0382AA
SAMN27356520		RAL_AA0381AA
SAMN27356521		RAL_AA0380AA
SAMN27356522		RAL_AA0379AA
SAMN27356523		RAL_AA0378AA
SAMN27356524		RAL_AA0377AA
SAMN27356525		RAL_AA0376AA
SAMN27356526		RAL_AA0548AA
SAMN27356527		RAL_AA0547AA
SAMN27356528		RAL_AA0546AA
SAMN27356529		RAL_AA0545AA
SAMN27356530		RAL_AA0543AA
SAMN27356531		RAL_AA0542AA
SAMN27356532		RAL_AA0541AA
SAMN27356533		RAL_AA0540AA
SAMN27356534		RAL_AA0539AA
SAMN27356535		RAL_AA0538AA
SAMN27356536		RAL_AA0537AA
SAMN27356537		RAL_AA0536AA
SAMN27356538		RAL_AA0535AA
SAMN27356539		RAL_AA0534AA
SAMN27356540		RAL_AA0256AA
SAMN27356541		RAL_AA0532AA
SAMN27356543		RAL_AA0530AA
SAMN27356544		RAL_AA0529AA
SAMN27356545		RAL_AA0528AA
SAMN27356546		RAL_AA0527AA
SAMN27356547		RAL_AA0526AA
SAMN27356548		RAL_AA0419AA
SAMN27356549		RAL_AA0418AA
SAMN27356550		RAL_AA0416AA
SAMN27356551		RAL_AA0415AA
SAMN27356552		RAL_AA0414AA
SAMN27356553		RAL_AA0413AA
SAMN27356554		RAL_AA0210AA
SAMN27356556		RAL_AA0411AA
SAMN27356557		RAL_AA0351AA
SAMN27356558		RAL_AA0340AA
SAMN27356559		RAL_AA0410AA
SAMN27356560		RAL_AA0408AA
SAMN27356561		RAL_AA0407AA
SAMN27356562		RAL_AA0406AA
SAMN27356563		RAL_AA0405AA
SAMN27356564		RAL_AA0404AA
SAMN27356565		RAL_AA0403AA
SAMN27356566		RAL_AA0402AA
SAMN27356567		RAL_AA0401AA
SAMN27356568		RAL_AA0400AA
SAMN27356569		RAL_AA0399AA
SAMN27356570		RAL_AA0525AA
SAMN27356571		RAL_AA0524AA
SAMN27356572		RAL_AA0523AA
SAMN27356573		RAL_AA0522AA
SAMN27356574		RAL_AA0521AA
SAMN27356575		RAL_AA0520AA
SAMN27356576		RAL_AA0519AA
SAMN27356577		RAL_AA0518AA
SAMN27356578		RAL_AA0517AA
SAMN27356579		RAL_AA0516AA
SAMN27356580		RAL_AA0514AA
SAMN27356581		RAL_AA0513AA
SAMN27356582		RAL_AA0512AA
SAMN27356583		RAL_AA0511AA
SAMN27356584		RAL_AA0510AA
SAMN27356585		RAL_AA0509AA
SAMN27356586		RAL_AA0508AA
SAMN27356587		RAL_AA0294AA
SAMN27356588		RAL_AA0507AA
SAMN27356589		RAL_AA0283AA
SAMN27356590		RAL_AA0505AA
SAMN27356591		RAL_AA0504AA
SAMN27356592		RAL_AA0459AA
SAMN27356593		RAL_AA0458AA
SAMN27356594		RAL_AA0457AA
SAMN27356595		RAL_AA0456AA
SAMN27356596		RAL_AA0455AA
SAMN27356597		RAL_AA0200AA
SAMN27356599		RAL_AA0453AA
SAMN27356600		RAL_AA0451AA
SAMN27356601		RAL_AA0450AA
SAMN27356602		RAL_AA0449AA
SAMN27356603		RAL_AA0448AA
SAMN27356604		RAL_AA0447AA
SAMN27356605		RAL_AA0446AA
SAMN27356606		RAL_AA0189AA
SAMN27356607		RAL_AA0445AA
SAMN27356608		RAL_AA0444AA
SAMN27356609		RAL_AA0443AA
SAMN27356610		RAL_AA0441AA
SAMN27356611		RAL_AA0440AA
SAMN27356612		RAL_AA0439AA
SAMN27356613		RAL_AA0438AA
SAMN27356614		RAL_AA0503AA
SAMN27356616		RAL_AA0501AA
SAMN27356617		RAL_AA0500AA
SAMN27356618		RAL_AA0499AA
SAMN27356619		RAL_AA0498AA
SAMN27356620		RAL_AA0496AA
SAMN27356622		RAL_AA0494AA
SAMN27356623		RAL_AA0493AA
SAMN27356624		RAL_AA0492AA
SAMN27356625		RAL_AA0491AA
SAMN27356626		RAL_AA0490AA
SAMN27356627		RAL_AA0489AA
SAMN27356628		RAL_AA0488AA
SAMN27356629		RAL_AA0487AA
SAMN27356631		RAL_AA0485AA
SAMN27356632		RAL_AA0484AA
SAMN27356633		RAL_AA0483AA
SAMN27356634		RAL_AA0482AA
SAMN27356635		RAL_AA0481AA
SAMN27356636		RAL_AA0437AA
SAMN27356637		RAL_AA0311AA
SAMN27356638		RAL_AA0436AA
SAMN27356639		RAL_AA0435AA
SAMN27356640		RAL_AA0433AA
SAMN27356641		RAL_AA0432AA
SAMN27356643		RAL_AA0430AA
SAMN27356644		RAL_AA0429AA
SAMN27356645		RAL_AA0428AA
SAMN27356647		RAL_AA0425AA
SAMN27356648		RAL_AA0424AA
SAMN27356649		RAL_AA0423AA
SAMN27356650		RAL_AA0422AA
SAMN27356651		RAL_AA0305AA
SAMN27356652		RAL_AA0421AA
SAMN27356653		RAL_AA0420AA
SAMN27356654		RAL_AA0303AA
SAMN27356655		RAL_AA0480AA
SAMN27356656		RAL_AA0479AA
SAMN27356657		RAL_AA0254AA
SAMN27356658		RAL_AA0477AA
SAMN27356659		RAL_AA0476AA
SAMN27356660		RAL_AA0475AA
SAMN27356661		RAL_AA0474AA
SAMN27589866	GCF_023646615.1	RAL_AA0375AA
SAMN27589867	GCF_023700725.1	RAL_AA0374AA
SAMN27631874	GCF_023646585.1	RAL_AA0371AA
SAMN27631875	GCF_023646575.1	RAL_AA0370AA
SAMN27631876	GCF_023646555.1	RAL_AA0369AA
SAMN27631877	GCF_023646535.1	RAL_AA0368AA
SAMN27631878	GCF_023646495.1	RAL_AA0367AA
SAMN27631879	GCF_023646515.1	RAL_AA0366AA
SAMN27631880	GCF_023646475.1	RAL_AA0365AA
SAMN27631881		RAL_AA0364AA
SAMN27631882	GCF_023646455.1	RAL_AA0373AA
SAMN27631883	GCF_023646415.1	RAL_AA0372AA
SAMN28078141	GCF_028464965.1	RAL_AA1856AA
SAMN28078142	GCF_028464865.1	RAL_AA1855AA
SAMN28078143	GCF_028464815.1	RAL_AA1853AA
SAMN28078144	GCF_028464835.1	RAL_AA1852AA
SAMN28078145	GCF_028464785.1	RAL_AA1851AA
SAMN28078146	GCF_028464775.1	RAL_AA1850AA
SAMN28078147	GCF_028464765.1	RAL_AA1849AA
SAMN28078148	GCF_028464705.1	RAL_AA1848AA
SAMN28078149	GCF_028464665.1	RAL_AA1847AA
SAMN28078150	GCF_028728295.1	RAL_AA1846AA
SAMN28078151	GCF_028464745.1	RAL_AA1854AA
SAMN28078152	GCF_028464715.1	RAL_AA1845AA
SAMN28078154	GCF_028728365.1	RAL_AA0050AA
SAMN28078155		RAL_AA0362AA
SAMN28078156	GCF_028728185.1	RAL_AA0361AA
SAMN28078157	GCF_028464675.1	RAL_AA0360AA
SAMN28078158	GCF_028464595.1	RAL_AA0359AA
SAMN28078159	GCF_028464615.1	RAL_AA0358AA
SAMN29232630	GCA_024023015.1	
SAMN29421919		RAL_AA0357AA
SAMN29638280	GCF_025859635.1	RAL_AA0053AA
SAMN29638281	GCF_025859615.1	RAL_AA0052AA
SAMN29638282	GCF_025859515.1	RAL_AA0051AA
SAMN29673691	GCF_024802605.1	RAL_AA0356AA
SAMN29673692	GCF_025884395.1	RAL_AA0355AA
SAMN29673693	GCA_025884495.1	RAL_AA0354AA
SAMN30821939		RAL_AA0250AA
SAMN30821940		RAL_AA0249AA
SAMN30821941		RAL_AA0248AA
SAMN30821942		RAL_AA0247AA
SAMN30821943		RAL_AA0246AA
SAMN30821944		RAL_AA0245AA
SAMN30821945		RAL_AA0244AA
SAMN30821946		RAL_AA0243AA
SAMN30821947		RAL_AA0242AA
SAMN30821948		RAL_AA0240AA
SAMN30821949		RAL_AA0239AA
SAMN30821951		RAL_AA0237AA
SAMN30821952		RAL_AA0236AA
SAMN30821953		RAL_AA0235AA
SAMN30821954		RAL_AA0234AA
SAMN30821955		RAL_AA0233AA
SAMN30821956		RAL_AA0232AA
SAMN30821957		RAL_AA0231AA
SAMN30821958		RAL_AA0277AA
SAMN30821959		RAL_AA0276AA
SAMN30821960		RAL_AA0275AA
SAMN30821961		RAL_AA0274AA
SAMN30821962		RAL_AA0273AA
SAMN30821963		RAL_AA0272AA
SAMN30821964		RAL_AA0271AA
SAMN30821965		RAL_AA0270AA
SAMN30821966		RAL_AA0269AA
SAMN30821967		RAL_AA0268AA
SAMN30821968		RAL_AA0266AA
SAMN30821969		RAL_AA0265AA
SAMN30821970		RAL_AA0264AA
SAMN30821971		RAL_AA0263AA
SAMN30821972		RAL_AA0262AA
SAMN30821973		RAL_AA0261AA
SAMN30821974		RAL_AA0260AA
SAMN30821975		RAL_AA0259AA
SAMN30821976		RAL_AA0258AA
SAMN30821977		RAL_AA0257AA
SAMN30821978		RAL_AA0255AA
SAMN30821979		RAL_AA0230AA
SAMN30821980		RAL_AA0229AA
SAMN30821981		RAL_AA0228AA
SAMN30821982		RAL_AA0227AA
SAMN30821983		RAL_AA0226AA
SAMN30821984		RAL_AA0225AA
SAMN30821985		RAL_AA0224AA
SAMN30821986		RAL_AA0223AA
SAMN30821987		RAL_AA0222AA
SAMN30821988		RAL_AA0220AA
SAMN30821989		RAL_AA0219AA
SAMN30821990		RAL_AA0218AA
SAMN30821991		RAL_AA0217AA
SAMN30821992		RAL_AA0216AA
SAMN30821994		RAL_AA0214AA
SAMN30821995		RAL_AA0213AA
SAMN30821996		RAL_AA0212AA
SAMN30821997		RAL_AA0211AA
SAMN30821998		RAL_AA0209AA
SAMN30821999		RAL_AA0208AA
SAMN30822001		RAL_AA0207AA
SAMN30822002		RAL_AA0182AA
SAMN30822004		RAL_AA0180AA
SAMN30822005		RAL_AA0179AA
SAMN30822007		RAL_AA0177AA
SAMN30822008		RAL_AA0176AA
SAMN30822009		RAL_AA0174AA
SAMN30822010		RAL_AA0173AA
SAMN30822011		RAL_AA0172AA
SAMN30822012		RAL_AA0171AA
SAMN30822013		RAL_AA0170AA
SAMN30822016		RAL_AA0167AA
SAMN30822017		RAL_AA0166AA
SAMN30822018		RAL_AA0165AA
SAMN30822019		RAL_AA0350AA
SAMN30822020		RAL_AA0349AA
SAMN30822021		RAL_AA0348AA
SAMN30822022		RAL_AA0347AA
SAMN30822023		RAL_AA0346AA
SAMN30822024		RAL_AA0345AA
SAMN30822025		RAL_AA0344AA
SAMN30822026		RAL_AA0343AA
SAMN30822028		RAL_AA0341AA
SAMN30822029		RAL_AA0339AA
SAMN30822030		RAL_AA0338AA
SAMN30822031		RAL_AA0337AA
SAMN30822032		RAL_AA0336AA
SAMN30822034		RAL_AA0334AA
SAMN30822035		RAL_AA0333AA
SAMN30822036		RAL_AA0332AA
SAMN30822037		RAL_AA0331AA
SAMN30822038		RAL_AA0330AA
SAMN30822039		RAL_AA0328AA
SAMN30822042		RAL_AA0301AA
SAMN30822043		RAL_AA0300AA
SAMN30822044		RAL_AA0299AA
SAMN30822046		RAL_AA0298AA
SAMN30822047		RAL_AA0297AA
SAMN30822048		RAL_AA0296AA
SAMN30822049		RAL_AA0295AA
SAMN30822050		RAL_AA0293AA
SAMN30822051		RAL_AA0292AA
SAMN30822052		RAL_AA0291AA
SAMN30822054		RAL_AA0290AA
SAMN30822055		RAL_AA0289AA
SAMN30822056		RAL_AA0288AA
SAMN30822057		RAL_AA0287AA
SAMN30822058		RAL_AA0286AA
SAMN30822059		RAL_AA0285AA
SAMN30822060		RAL_AA0284AA
SAMN30822061		RAL_AA0282AA
SAMN30822062		RAL_AA0281AA
SAMN30822063		RAL_AA0280AA
SAMN30822066		RAL_AA0279AA
SAMN30822067		RAL_AA0206AA
SAMN30822068		RAL_AA0205AA
SAMN30822069		RAL_AA0204AA
SAMN30822070		RAL_AA0203AA
SAMN30822071		RAL_AA0202AA
SAMN30822072		RAL_AA0201AA
SAMN30822073		RAL_AA0199AA
SAMN30822074		RAL_AA0198AA
SAMN30822075		RAL_AA0197AA
SAMN30822076		RAL_AA0196AA
SAMN30822077		RAL_AA0195AA
SAMN30822078		RAL_AA0194AA
SAMN30822079		RAL_AA0193AA
SAMN30822080		RAL_AA0192AA
SAMN30822081		RAL_AA0191AA
SAMN30822082		RAL_AA0190AA
SAMN30822083		RAL_AA0188AA
SAMN30822085		RAL_AA0187AA
SAMN30822086		RAL_AA0186AA
SAMN30822087		RAL_AA0185AA
SAMN30822088		RAL_AA0184AA
SAMN30822089		RAL_AA0183AA
SAMN30822090		RAL_AA0326AA
SAMN30822091		RAL_AA0325AA
SAMN30822092		RAL_AA0324AA
SAMN30822093		RAL_AA0323AA
SAMN30822094		RAL_AA0321AA
SAMN30822095		RAL_AA0320AA
SAMN30822096		RAL_AA0319AA
SAMN30822097		RAL_AA0318AA
SAMN30822098		RAL_AA0317AA
SAMN30822099		RAL_AA0316AA
SAMN30822100		RAL_AA0315AA
SAMN30822101		RAL_AA0314AA
SAMN30822102		RAL_AA0313AA
SAMN30822103		RAL_AA0312AA
SAMN30822104		RAL_AA0310AA
SAMN30822105		RAL_AA0309AA
SAMN30822106		RAL_AA0308AA
SAMN30822107		RAL_AA0307AA
SAMN30822108		RAL_AA0306AA
SAMN31865980	GCF_046529245.1	
SAMN32082345	GCF_039623345.1	
SAMN32399500	GCA_039623675.1	
SAMN32543030	GCF_029220065.1	
SAMN32543031	GCF_029220045.1	
SAMN32543032	GCF_029220025.1	
SAMN32543033	GCF_029220005.1	
SAMN32543034	GCF_029219985.1	
SAMN32543035	GCF_029219965.1	
SAMN32543036	GCF_029219945.1	
SAMN34223255	GCF_041276365.1	RAL_AA0158AA
SAMN35301405	GCF_030124305.1	
SAMN35347197	GCF_030406625.1	
SAMN35347198	GCF_030412035.1	RAL_AA0157AA
SAMN35628657	GCF_041363985.1	
SAMN35628658	GCF_041363935.1	
SAMN36081901	GCF_030519255.1	RAL_AA0031AA
SAMN36081902	GCF_030519305.1	RAL_AA0032AA
SAMN36081903	GCF_030519275.1	RAL_AA0033AA
SAMN36081904	GCF_030519295.1	RAL_AA0034AA
SAMN36081905	GCF_030519215.1	RAL_AA0035AA
SAMN36081906	GCF_030519225.1	RAL_AA0037AA
SAMN36081907	GCF_030519155.1	RAL_AA0038AA
SAMN36081908	GCF_030519175.1	RAL_AA0039AA
SAMN36081909	GCF_030519165.1	RAL_AA0040AA
SAMN36081910	GCF_030519135.1	RAL_AA0041AA
SAMN36081911	GCF_030519075.1	RAL_AA0042AA
SAMN36081912	GCF_030519055.1	RAL_AA0043AA
SAMN36081913	GCF_030519065.1	RAL_AA0044AA
SAMN36081914	GCF_030519085.1	RAL_AA0045AA
SAMN36081915	GCF_030519035.1	RAL_AA0046AA
SAMN36081916	GCF_030518935.1	RAL_AA0024AA
SAMN36081917	GCF_030518995.1	RAL_AA0025AA
SAMN36081918	GCF_030518945.1	RAL_AA0026AA
SAMN36081919	GCF_030518985.1	RAL_AA0027AA
SAMN36081920	GCF_030518955.1	RAL_AA0028AA
SAMN36081921	GCF_030518875.1	RAL_AA0029AA
SAMN36081922	GCF_030518845.1	RAL_AA0030AA
SAMN36081923	GCF_030518835.1	
SAMN36081924	GCF_030518855.1	RAL_AA0047AA
SAMN36081925	GCF_030518885.1	RAL_AA0048AA
SAMN36447502	GCF_047120255.1	RAL_AA0049AA
SAMN37256210		RAL_AA0023AA
SAMN37256211		RAL_AA0022AA
SAMN37256212		RAL_AA0021AA
SAMN37256213		RAL_AA0020AA
SAMN37256214		RAL_AA0019AA
SAMN37256215		RAL_AA0018AA
SAMN37256216		RAL_AA0017AA
SAMN37261781	GCF_049485675.1	
SAMN37721522	GCF_052784355.1	
SAMN37824495	GCF_039822545.1	
SAMN37824498	GCA_039822525.1	
SAMN37824499	GCA_039822585.1	
SAMN37824500	GCA_039822505.1	
SAMN37824501	GCA_039822485.1	
SAMN37824502	GCF_039822405.1	
SAMN37824507	GCA_039822465.1	
SAMN37824509	GCA_039822445.1	
SAMN37824510	GCF_039822425.1	
SAMN37824514	GCF_039822385.1	
SAMN37824516	GCF_039822345.1	
SAMN37824519	GCF_039822305.1	
SAMN37824520	GCF_039822325.1	
SAMN37824521	GCA_039822365.1	
SAMN38159251		RAL_AA1863AA
SAMN38159252		RAL_AA1867AA
SAMN38159253		RAL_AA1866AA
SAMN38159254		RAL_AA1865AA
SAMN38159255		RAL_AA1864AA
SAMN38159256		RAL_AA1862AA
SAMN38159257		RAL_AA1861AA
SAMN38159258		RAL_AA1871AA
SAMN38159259		RAL_AA1870AA
SAMN38159260		RAL_AA1869AA
SAMN38159261		RAL_AA1868AA
SAMN38366933	GCF_049887695.1	
SAMN38366934	GCF_049887715.1	
SAMN38366935	GCF_049887675.1	
SAMN38366936	GCF_049887635.1	
SAMN38366937	GCF_049887655.1	
SAMN38366938	GCF_049887615.1	
SAMN38366939	GCF_049887575.1	
SAMN38366940	GCF_049887585.1	
SAMN38366941	GCF_049887555.1	
SAMN38366942	GCF_049887525.1	
SAMN38366943	GCF_049887515.1	
SAMN38366944	GCF_049887495.1	
SAMN38366945	GCF_049887475.1	
SAMN38366946	GCF_049887455.1	
SAMN38366947	GCF_049887435.1	
SAMN38366948	GCF_049887375.1	
SAMN38450761	GCF_050916425.1	
SAMN39646423	GCF_036628395.1	
SAMN39646424	GCF_036628455.1	
SAMN39646425	GCF_036628435.1	
SAMN39646426	GCF_036628375.1	
SAMN39646427	GCF_036628415.1	
SAMN39646428	GCF_036628355.1	
SAMN39646429	GCF_036628335.1	
SAMN39646430	GCF_036628315.1	
SAMN39714303	GCA_037956285.1	
SAMN39822550	GCF_036553425.1	RAL_AA0156AA
SAMN39822551	GCF_036543205.1	RAL_AA0155AA
SAMN40440902	GCF_040537795.1	
SAMN40440903	GCF_040537745.1	
SAMN40440904	GCF_040537735.1	
SAMN40440905	GCF_040537775.1	
SAMN40440906	GCF_040537695.1	
SAMN40440907	GCF_040537705.1	
SAMN40440908	GCF_040537655.1	
SAMN40440909	GCF_040537635.1	
SAMN40440910	GCF_040537645.1	
SAMN40440911	GCF_040537575.1	
SAMN40440912	GCF_040537585.1	
SAMN40440913	GCF_040537595.1	
SAMN40440914	GCF_040537535.1	
SAMN40440915	GCF_040537495.1	
SAMN40440916	GCF_040537485.1	
SAMN40440917	GCF_040537555.1	
SAMN40440918	GCF_040537455.1	
SAMN40440919	GCF_040537475.1	
SAMN40440920	GCF_040537435.1	
SAMN40518000	GCF_037653055.1	RAL_AA0154AA
SAMN40518001	GCF_037892735.1	RAL_AA0153AA
SAMN40518002	GCF_037653735.1	RAL_AA0142AA
SAMN40518003	GCF_037653715.1	RAL_AA0136AA
SAMN40518004	GCF_037653775.1	RAL_AA0135AA
SAMN40518005	GCF_037653835.1	RAL_AA0134AA
SAMN40518006	GCF_037653395.1	RAL_AA0133AA
SAMN40518007	GCF_037653325.1	RAL_AA0132AA
SAMN40518008	GCF_037653355.1	RAL_AA0131AA
SAMN40518009	GCF_037653695.1	RAL_AA0130AA
SAMN40518010	GCF_037653535.1	RAL_AA0152AA
SAMN40518011	GCF_037653615.1	RAL_AA0151AA
SAMN40518012	GCF_037653195.1	RAL_AA0150AA
SAMN40518013	GCF_037653005.1	RAL_AA0149AA
SAMN40518014	GCF_037653495.1	RAL_AA0148AA
SAMN40518015	GCF_037653575.1	RAL_AA0147AA
SAMN40518016	GCF_037653435.1	RAL_AA0146AA
SAMN40518017	GCF_037653275.1	RAL_AA0145AA
SAMN40518018	GCF_037652855.1	RAL_AA0144AA
SAMN40518019	GCF_037652875.1	RAL_AA0143AA
SAMN40518020	GCF_037653155.1	RAL_AA0141AA
SAMN40518021	GCF_037653075.1	RAL_AA0140AA
SAMN40518022	GCF_037653095.1	RAL_AA0139AA
SAMN40518023	GCF_037652935.1	RAL_AA0138AA
SAMN40518024	GCF_037653205.1	RAL_AA0137AA
SAMN40518025	GCF_037938245.1	RAL_AA0011AA
SAMN40702563		RAL_AA0129AA
SAMN40702564		RAL_AA0128AA
SAMN40702565		RAL_AA0117AA
SAMN40702566		RAL_AA0111AA
SAMN40702567		RAL_AA0110AA
SAMN40702568		RAL_AA0109AA
SAMN40702569		RAL_AA0108AA
SAMN40702570		RAL_AA0107AA
SAMN40702571		RAL_AA0106AA
SAMN40702572		RAL_AA0105AA
SAMN40702573		RAL_AA0127AA
SAMN40702574		RAL_AA0126AA
SAMN40702575		RAL_AA0125AA
SAMN40702576		RAL_AA0124AA
SAMN40702577		RAL_AA0123AA
SAMN40702578		RAL_AA0122AA
SAMN40702579		RAL_AA0121AA
SAMN40702580		RAL_AA0120AA
SAMN40702581		RAL_AA0119AA
SAMN40702582		RAL_AA0118AA
SAMN40702583		RAL_AA0116AA
SAMN40702584		RAL_AA0115AA
SAMN40702585		RAL_AA0114AA
SAMN40702586		RAL_AA0113AA
SAMN40702587		RAL_AA0112AA
SAMN41264334	GCF_039693335.1	
SAMN41264335	GCF_039692545.1	
SAMN41397082	GCF_050470505.1	
SAMN41665399	GCF_040429625.1	
SAMN41796063	GCF_040183095.1	RAL_AA0010AA
SAMN42180103	GCF_041734965.1	RAL_AA1756AA
SAMN42180104		RAL_AA1755AA
SAMN42180105	GCF_041734835.1	RAL_AA1754AA
SAMN42180106	GCF_041228115.3	RAL_AA1753AA
SAMN42716486	GCF_041023715.1	
SAMN42899247	GCF_041027275.1	
SAMN42899248	GCF_041027265.1	
SAMN43269446	GCF_045038165.1	
SAMN43269447	GCF_045038125.1	
SAMN43269448	GCF_045038135.1	
SAMN43269449	GCF_045038115.1	
SAMN43269450	GCF_045038085.1	
SAMN43269451	GCF_045038075.1	
SAMN43269452	GCF_045038065.1	
SAMN43269453	GCF_045038055.1	
SAMN43281545	GCF_042434295.1	
SAMN43281666	GCF_042432065.1	
SAMN43282129	GCF_042648205.1	
SAMN43282212	GCF_042647065.1	
SAMN43282365	GCF_042685665.1	
SAMN43282463	GCA_042684045.1	
SAMN43303032	GCF_041714705.1	
SAMN43303033	GCF_041714725.1	
SAMN43303034	GCF_041714715.1	
SAMN43303035	GCF_041714685.1	
SAMN43303036	GCF_041714695.1	
SAMN43407545	GCF_042494895.1	
SAMN43428450	GCA_059009725.1	
SAMN43909832	GCF_057584535.1	
SAMN43909896	GCF_057584525.1	
SAMN43909898	GCF_057584515.1	
SAMN43909931	GCF_057584505.1	
SAMN43909937	GCF_057584495.1	
SAMN44366232	GCF_048164835.1	
SAMN44414988	GCA_044788395.1	
SAMN44467445	GCF_047509085.1	
SAMN44628588	GCA_049537075.1	
SAMN44628589	GCA_049537035.1	
SAMN44628590	GCA_049537055.1	
SAMN44628591	GCA_049537015.1	
SAMN44628592	GCA_049536975.1	
SAMN44628593	GCA_049536995.1	
SAMN44628594	GCA_049536955.1	
SAMN44628595	GCA_049536915.1	
SAMN44628596	GCA_049536935.1	
SAMN44628597	GCA_049536855.1	
SAMN44628598	GCA_049536895.1	
SAMN44628599	GCA_049536875.1	
SAMN44628600	GCA_049536835.1	
SAMN44628601	GCA_049536815.1	
SAMN44628602	GCA_049536795.1	
SAMN44628603	GCA_049536775.1	
SAMN44628604	GCA_049536755.1	
SAMN44628605	GCA_049536735.1	
SAMN44628606	GCA_049536715.1	
SAMN44628607	GCA_049536695.1	
SAMN44628608	GCA_049536675.1	
SAMN44628609	GCA_049536655.1	
SAMN44628610	GCA_049536635.1	
SAMN44628611	GCA_049536615.1	
SAMN44628612	GCA_049536595.1	
SAMN44628613	GCA_049536575.1	
SAMN44628614	GCA_049536555.1	
SAMN44628615	GCA_049536535.1	
SAMN44628616	GCA_049536515.1	
SAMN44628617	GCA_049536495.1	
SAMN44628618	GCA_049536475.1	
SAMN44628619	GCA_049536455.1	
SAMN44628620	GCA_049536435.1	
SAMN44628621	GCA_049536415.1	
SAMN44628622	GCA_049536395.1	
SAMN44628623	GCA_049536375.1	
SAMN44628624	GCA_049536355.1	
SAMN44628625	GCA_049536335.1	
SAMN44628626	GCA_049536315.1	
SAMN44628627	GCA_049536295.1	
SAMN44628628	GCA_049536275.1	
SAMN44628629	GCA_049536255.1	
SAMN44628630	GCA_049536215.1	
SAMN44628631	GCA_049536235.1	
SAMN44628632	GCA_049536195.1	
SAMN44628633	GCA_049536175.1	
SAMN44628634	GCA_049536155.1	
SAMN44628635	GCA_049536135.1	
SAMN44628636	GCA_049536115.1	
SAMN44628637	GCA_049536095.1	
SAMN44628638	GCA_049536075.1	
SAMN44628639	GCA_049536055.1	
SAMN44628640	GCA_049536035.1	
SAMN44628641	GCA_049536015.1	
SAMN44628642	GCA_049535995.1	
SAMN44628643	GCA_049535975.1	
SAMN44628644	GCA_049535935.1	
SAMN44628645	GCA_049535955.1	
SAMN44628646	GCA_049535915.1	
SAMN44628647	GCA_049535875.1	
SAMN44628648	GCA_049535895.1	
SAMN44628649	GCA_049535815.1	
SAMN44628650	GCA_049535835.1	
SAMN44628651	GCA_049535855.1	
SAMN44628652	GCA_049535795.1	
SAMN44628653	GCA_049535775.1	
SAMN44628654	GCA_049535755.1	
SAMN44628655	GCA_049535735.1	
SAMN44628656	GCA_049535715.1	
SAMN44628657	GCA_049535695.1	
SAMN44628658	GCA_049535675.1	
SAMN44628659	GCA_049535635.1	
SAMN44628660	GCA_049535655.1	
SAMN44628661	GCA_049535615.1	
SAMN44628662	GCA_049535595.1	
SAMN44628663	GCA_049535575.1	
SAMN44628664	GCA_049535535.1	
SAMN44628665	GCA_049535555.1	
SAMN44628666	GCA_049535515.1	
SAMN44628667	GCA_049535475.1	
SAMN44628668	GCA_049535495.1	
SAMN44628669	GCA_049535455.1	
SAMN44628670	GCA_049535435.1	
SAMN44628671	GCA_049535415.1	
SAMN44628672	GCA_049535395.1	
SAMN44628673	GCA_049535375.1	
SAMN44628674	GCA_049535355.1	
SAMN44628675	GCA_049535335.1	
SAMN44628676	GCA_049535315.1	
SAMN44628677	GCA_049535295.1	
SAMN44628678	GCA_049535275.1	
SAMN44628679	GCA_049535255.1	
SAMN44628680	GCA_049535235.1	
SAMN44628681	GCA_049535215.1	
SAMN44628682	GCA_049535195.1	
SAMN44628683	GCA_049535165.1	
SAMN44628684	GCA_049535135.1	
SAMN44628685	GCA_049533635.1	
SAMN44628686	GCA_049533595.1	
SAMN44628687	GCA_049533605.1	
SAMN44628688	GCA_049533575.1	
SAMN44628689	GCA_049533555.1	
SAMN44628690	GCA_049533535.1	
SAMN44628691	GCA_049533515.1	
SAMN44628692	GCA_049533475.1	
SAMN44628693	GCA_049533495.1	
SAMN44629040	GCF_045257735.1	
SAMN44631176	GCF_047204895.1	
SAMN44820493	GCF_054492315.1	RAL_AA1804AA
SAMN44820494	GCF_054492295.1	RAL_AA1803AA
SAMN44820495	GCF_054492275.1	RAL_AA1795AA
SAMN44820496	GCF_054492255.1	RAL_AA1786AA
SAMN44820497	GCF_054492235.1	RAL_AA1779AA
SAMN44820498	GCF_054501575.1	RAL_AA1776AA
SAMN44820499	GCF_054492215.1	RAL_AA1775AA
SAMN44820500	GCF_054501565.1	RAL_AA1774AA
SAMN44820501	GCF_054501585.1	RAL_AA1773AA
SAMN44820502	GCF_054501595.1	RAL_AA1772AA
SAMN44820503	GCF_054492195.1	RAL_AA1802AA
SAMN44820504	GCF_054492175.1	RAL_AA1801AA
SAMN44820505	GCF_057920885.1	
SAMN44820506	GCF_054492155.1	RAL_AA1800AA
SAMN44820507	GCF_054501605.1	
SAMN44820508	GCF_054492135.1	RAL_AA1799AA
SAMN44820509	GCF_054501615.1	RAL_AA1778AA
SAMN44820510	GCF_054492095.1	RAL_AA1798AA
SAMN44820511	GCF_054492115.1	RAL_AA1797AA
SAMN44820512	GCF_054492075.1	RAL_AA1796AA
SAMN44820513		RAL_AA1777AA
SAMN44820514	GCF_054492055.1	RAL_AA1794AA
SAMN44820515	GCF_054492035.1	RAL_AA1793AA
SAMN44820516	GCF_054492015.1	RAL_AA1792AA
SAMN44820517	GCF_054491995.1	
SAMN44820518	GCF_054491975.1	RAL_AA1791AA
SAMN44820519	GCF_054491955.1	RAL_AA1843AA
SAMN44820520	GCF_054491935.1	RAL_AA1790AA
SAMN44820521		RAL_AA1789AA
SAMN44820522		RAL_AA1788AA
SAMN44820523		RAL_AA1787AA
SAMN44820524		RAL_AA1785AA
SAMN44820527	GCF_054491785.1	
SAMN45032525	GCA_046245135.1	
SAMN45624194		RAL_AA1568AA
SAMN45624195		RAL_AA1461AA
SAMN45624196		RAL_AA1527AA
SAMN45624197		RAL_AA1507AA
SAMN45624198		RAL_AA1496AA
SAMN45624199		RAL_AA1661AA
SAMN45624200		RAL_AA1654AA
SAMN45624201		RAL_AA1646AA
SAMN45624202		RAL_AA1577AA
SAMN45624203		RAL_AA1567AA
SAMN45624204		RAL_AA1482AA
SAMN45624205		RAL_AA1188AA
SAMN45624206		RAL_AA1233AA
SAMN45624207		RAL_AA1552AA
SAMN45624208		RAL_AA1393AA
SAMN45624210		RAL_AA1643AA
SAMN45624211		RAL_AA1638AA
SAMN45624212		RAL_AA1469AA
SAMN45624213		RAL_AA1460AA
SAMN45624214		RAL_AA1548AA
SAMN45624215		RAL_AA1539AA
SAMN45624216		RAL_AA1532AA
SAMN45624217		RAL_AA1720AA
SAMN45624218		RAL_AA1710AA
SAMN45624219		RAL_AA1626AA
SAMN45624220		RAL_AA1619AA
SAMN45624221		RAL_AA1449AA
SAMN45624222		RAL_AA1441AA
SAMN45624223		RAL_AA1526AA
SAMN45624224		RAL_AA1520AA
SAMN45624225		RAL_AA1704AA
SAMN45624226		RAL_AA1693AA
SAMN45624227		RAL_AA1256AA
SAMN45624228		RAL_AA1609AA
SAMN45624229		RAL_AA1601AA
SAMN45624230		RAL_AA1168AA
SAMN45624231		RAL_AA1421AA
SAMN45624232		RAL_AA1510AA
SAMN45624233		RAL_AA1506AA
SAMN45624234		RAL_AA1676AA
SAMN45624235		RAL_AA1665AA
SAMN45624236		RAL_AA1600AA
SAMN45624237		RAL_AA1590AA
SAMN45624238		RAL_AA1417AA
SAMN45624239		RAL_AA1406AA
SAMN45624240		RAL_AA1502AA
SAMN45624241		RAL_AA1498AA
SAMN45624242		RAL_AA1497AA
SAMN45624243		RAL_AA1495AA
SAMN45624244		RAL_AA1494AA
SAMN45624245		RAL_AA1493AA
SAMN45624246		RAL_AA1492AA
SAMN45624247		RAL_AA1491AA
SAMN45624248		RAL_AA1490AA
SAMN45624249		RAL_AA1489AA
SAMN45624250		RAL_AA1488AA
SAMN45624251		RAL_AA1487AA
SAMN45624252		RAL_AA1662AA
SAMN45624253		RAL_AA1660AA
SAMN45624254		RAL_AA1659AA
SAMN45624255		RAL_AA1658AA
SAMN45624256		RAL_AA1657AA
SAMN45624257		RAL_AA1656AA
SAMN45624258		RAL_AA1283AA
SAMN45624259		RAL_AA1282AA
SAMN45624260		RAL_AA1655AA
SAMN45624261		RAL_AA1281AA
SAMN45624262		RAL_AA1280AA
SAMN45624263		RAL_AA1653AA
SAMN45624264		RAL_AA1279AA
SAMN45624265		RAL_AA1652AA
SAMN45624266		RAL_AA1651AA
SAMN45624267		RAL_AA1650AA
SAMN45624268		RAL_AA1278AA
SAMN45624269		RAL_AA1277AA
SAMN45624270		RAL_AA1649AA
SAMN45624271		RAL_AA1648AA
SAMN45624272		RAL_AA1647AA
SAMN45624273		RAL_AA1243AA
SAMN45624274		RAL_AA1582AA
SAMN45624275		RAL_AA1242AA
SAMN45624276		RAL_AA1581AA
SAMN45624277		RAL_AA1580AA
SAMN45624278		RAL_AA1579AA
SAMN45624279		RAL_AA1241AA
SAMN45624280		RAL_AA1578AA
SAMN45624281		RAL_AA1240AA
SAMN45624282		RAL_AA1239AA
SAMN45624283		RAL_AA1576AA
SAMN45624284		RAL_AA1238AA
SAMN45624285		RAL_AA1575AA
SAMN45624286		RAL_AA1237AA
SAMN45624287		RAL_AA1574AA
SAMN45624288		RAL_AA1573AA
SAMN45624289		RAL_AA1572AA
SAMN45624290		RAL_AA1571AA
SAMN45624291		RAL_AA1570AA
SAMN45624292		RAL_AA1236AA
SAMN45624293		RAL_AA1195AA
SAMN45624294		RAL_AA1486AA
SAMN45624295		RAL_AA1194AA
SAMN45624298		RAL_AA1485AA
SAMN45624299		RAL_AA1484AA
SAMN45624300		RAL_AA1483AA
SAMN45624301		RAL_AA1191AA
SAMN45624302		RAL_AA1190AA
SAMN45624303		RAL_AA1481AA
SAMN45624304		RAL_AA1480AA
SAMN45624305		RAL_AA1479AA
SAMN45624306		RAL_AA1478AA
SAMN45624307		RAL_AA1477AA
SAMN45624308		RAL_AA1476AA
SAMN45624309		RAL_AA1189AA
SAMN45624310		RAL_AA1475AA
SAMN45624311		RAL_AA1474AA
SAMN45624312		RAL_AA1473AA
SAMN45624313		RAL_AA1472AA
SAMN45624314		RAL_AA1471AA
SAMN45624315		RAL_AA1235AA
SAMN45624316		RAL_AA1566AA
SAMN45624317		RAL_AA1565AA
SAMN45624318		RAL_AA1564AA
SAMN45624319		RAL_AA1563AA
SAMN45624320		RAL_AA1562AA
SAMN45624321		RAL_AA1234AA
SAMN45624322		RAL_AA1561AA
SAMN45624323		RAL_AA1560AA
SAMN45624325		RAL_AA1232AA
SAMN45624326		RAL_AA1558AA
SAMN45624327		RAL_AA1231AA
SAMN45624328		RAL_AA1557AA
SAMN45624329		RAL_AA1556AA
SAMN45624330		RAL_AA1555AA
SAMN45624331		RAL_AA1554AA
SAMN45624332		RAL_AA1553AA
SAMN45624333		RAL_AA1551AA
SAMN45624334		RAL_AA1230AA
SAMN45624335		RAL_AA1229AA
SAMN45624337		RAL_AA1396AA
SAMN45624338		RAL_AA1165AA
SAMN45624339		RAL_AA1395AA
SAMN45624340		RAL_AA1164AA
SAMN45624341		RAL_AA1394AA
SAMN45624342		RAL_AA1163AA
SAMN45624343		RAL_AA1392AA
SAMN45624344		RAL_AA1391AA
SAMN45624345		RAL_AA1162AA
SAMN45624346		RAL_AA1161AA
SAMN45624347		RAL_AA1160AA
SAMN45624348		RAL_AA1734AA
SAMN45624349		RAL_AA1295AA
SAMN45624350		RAL_AA1733AA
SAMN45624351		RAL_AA1732AA
SAMN45624352		RAL_AA1731AA
SAMN45624353		RAL_AA1294AA
SAMN45624354		RAL_AA1293AA
SAMN45624355		RAL_AA1729AA
SAMN45624356		RAL_AA1292AA
SAMN45624357		RAL_AA1728AA
SAMN45624358		RAL_AA1727AA
SAMN45624359		RAL_AA1645AA
SAMN45624360		RAL_AA1644AA
SAMN45624361		RAL_AA1276AA
SAMN45624362		RAL_AA1275AA
SAMN45624363		RAL_AA1274AA
SAMN45624364		RAL_AA1273AA
SAMN45624365		RAL_AA1642AA
SAMN45624366		RAL_AA1641AA
SAMN45624367		RAL_AA1272AA
SAMN45624368		RAL_AA1271AA
SAMN45624369		RAL_AA1640AA
SAMN45624370		RAL_AA1639AA
SAMN45624371		RAL_AA1270AA
SAMN45624372		RAL_AA1269AA
SAMN45624373		RAL_AA1637AA
SAMN45624374		RAL_AA1636AA
SAMN45624375		RAL_AA1635AA
SAMN45624376		RAL_AA1268AA
SAMN45624378		RAL_AA1634AA
SAMN45624379		RAL_AA1266AA
SAMN45624380		RAL_AA1265AA
SAMN45624382		RAL_AA1470AA
SAMN45624383		RAL_AA1468AA
SAMN45624385		RAL_AA1466AA
SAMN45624386		RAL_AA1465AA
SAMN45624388		RAL_AA1185AA
SAMN45624389		RAL_AA1184AA
SAMN45624390		RAL_AA1464AA
SAMN45624391		RAL_AA1463AA
SAMN45624392		RAL_AA1462AA
SAMN45624393		RAL_AA1459AA
SAMN45624394		RAL_AA1458AA
SAMN45624395		RAL_AA1457AA
SAMN45624396		RAL_AA1183AA
SAMN45624399		RAL_AA1182AA
SAMN45624400		RAL_AA1454AA
SAMN45624401		RAL_AA1453AA
SAMN45624402		RAL_AA1549AA
SAMN45624403		RAL_AA1547AA
SAMN45624407		RAL_AA1228AA
SAMN45624408		RAL_AA1543AA
SAMN45624409		RAL_AA1542AA
SAMN45624410		RAL_AA1541AA
SAMN45624416		RAL_AA1225AA
SAMN45624417		RAL_AA1224AA
SAMN45624418		RAL_AA1223AA
SAMN45624419		RAL_AA1536AA
SAMN45624420		RAL_AA1535AA
SAMN45624421		RAL_AA1534AA
SAMN45624422		RAL_AA1533AA
SAMN45624423		RAL_AA1726AA
SAMN45624424		RAL_AA1725AA
SAMN45624425		RAL_AA1724AA
SAMN45624426		RAL_AA1291AA
SAMN45624427		RAL_AA1290AA
SAMN45624428		RAL_AA1289AA
SAMN45624429		RAL_AA1723AA
SAMN45624430		RAL_AA1722AA
SAMN45624431		RAL_AA1288AA
SAMN45624432		RAL_AA1721AA
SAMN45624433		RAL_AA1719AA
SAMN45624435		RAL_AA1717AA
SAMN45624436		RAL_AA1287AA
SAMN45624437		RAL_AA1716AA
SAMN45624438		RAL_AA1715AA
SAMN45624439		RAL_AA1714AA
SAMN45624440		RAL_AA1713AA
SAMN45624442		RAL_AA1711AA
SAMN45624443		RAL_AA1709AA
SAMN45624444		RAL_AA1708AA
SAMN45624445		RAL_AA1264AA
SAMN45624446		RAL_AA1633AA
SAMN45624447		RAL_AA1632AA
SAMN45624448		RAL_AA1631AA
SAMN45624449		RAL_AA1630AA
SAMN45624450		RAL_AA1629AA
SAMN45624451		RAL_AA1628AA
SAMN45624452		RAL_AA1627AA
SAMN45624453		RAL_AA1263AA
SAMN45624454		RAL_AA1262AA
SAMN45624455		RAL_AA1625AA
SAMN45624456		RAL_AA1624AA
SAMN45624457		RAL_AA1261AA
SAMN45624458		RAL_AA1623AA
SAMN45624459		RAL_AA1260AA
SAMN45624460		RAL_AA1622AA
SAMN45624461		RAL_AA1621AA
SAMN45624462		RAL_AA1620AA
SAMN45624463		RAL_AA1259AA
SAMN45624464		RAL_AA1258AA
SAMN45624465		RAL_AA1618AA
SAMN45624467		RAL_AA1452AA
SAMN45624468		RAL_AA1181AA
SAMN45624469		RAL_AA1180AA
SAMN45624470		RAL_AA1451AA
SAMN45624471		RAL_AA1179AA
SAMN45624472		RAL_AA1450AA
SAMN45624473		RAL_AA1178AA
SAMN45624474		RAL_AA1177AA
SAMN45624475		RAL_AA1176AA
SAMN45624476		RAL_AA1448AA
SAMN45624477		RAL_AA1447AA
SAMN45624478		RAL_AA1446AA
SAMN45624479		RAL_AA1445AA
SAMN45624480		RAL_AA1444AA
SAMN45624481		RAL_AA1443AA
SAMN45624482		RAL_AA1442AA
SAMN45624483		RAL_AA1440AA
SAMN45624484		RAL_AA1439AA
SAMN45624485		RAL_AA1438AA
SAMN45624486		RAL_AA1175AA
SAMN45624487		RAL_AA1174AA
SAMN45624488		RAL_AA1437AA
SAMN45624489		RAL_AA1531AA
SAMN45624490		RAL_AA1530AA
SAMN45624491		RAL_AA1529AA
SAMN45624492		RAL_AA1528AA
SAMN45624493		RAL_AA1525AA
SAMN45624494		RAL_AA1524AA
SAMN45624495		RAL_AA1523AA
SAMN45624496		RAL_AA1222AA
SAMN45624497		RAL_AA1221AA
SAMN45624498		RAL_AA1220AA
SAMN45624499		RAL_AA1219AA
SAMN45624500		RAL_AA1218AA
SAMN45624501		RAL_AA1522AA
SAMN45624502		RAL_AA1521AA
SAMN45624503		RAL_AA1217AA
SAMN45624504		RAL_AA1216AA
SAMN45624505		RAL_AA1519AA
SAMN45624506		RAL_AA1215AA
SAMN45624507		RAL_AA1518AA
SAMN45624508		RAL_AA1517AA
SAMN45624509		RAL_AA1516AA
SAMN45624510		RAL_AA1707AA
SAMN45624511		RAL_AA1706AA
SAMN45624512		RAL_AA1705AA
SAMN45624513		RAL_AA1703AA
SAMN45624514		RAL_AA1702AA
SAMN45624515		RAL_AA1701AA
SAMN45624516		RAL_AA1700AA
SAMN45624517		RAL_AA1699AA
SAMN45624518		RAL_AA1698AA
SAMN45624519		RAL_AA1697AA
SAMN45624520		RAL_AA1696AA
SAMN45624521		RAL_AA1695AA
SAMN45624522		RAL_AA1694AA
SAMN45624523		RAL_AA1692AA
SAMN45624524		RAL_AA1691AA
SAMN45624525		RAL_AA1690AA
SAMN45624526		RAL_AA1689AA
SAMN45624527		RAL_AA1688AA
SAMN45624529		RAL_AA1686AA
SAMN45624530		RAL_AA1685AA
SAMN45624531		RAL_AA1684AA
SAMN45624532		RAL_AA1257AA
SAMN45624533		RAL_AA1255AA
SAMN45624535		RAL_AA1615AA
SAMN45624537		RAL_AA1613AA
SAMN45624538		RAL_AA1254AA
SAMN45624539		RAL_AA1612AA
SAMN45624541		RAL_AA1253AA
SAMN45624542		RAL_AA1610AA
SAMN45624543		RAL_AA1252AA
SAMN45624544		RAL_AA1608AA
SAMN45624545		RAL_AA1607AA
SAMN45624546		RAL_AA1606AA
SAMN45624547		RAL_AA1605AA
SAMN45624548		RAL_AA1604AA
SAMN45624549		RAL_AA1603AA
SAMN45624550		RAL_AA1602AA
SAMN45624551		RAL_AA1251AA
SAMN45624552		RAL_AA1250AA
SAMN45624553		RAL_AA1173AA
SAMN45624554		RAL_AA1436AA
SAMN45624555		RAL_AA1172AA
SAMN45624556		RAL_AA1435AA
SAMN45624557		RAL_AA1171AA
SAMN45624558		RAL_AA1170AA
SAMN45624559		RAL_AA1434AA
SAMN45624560		RAL_AA1433AA
SAMN45624561		RAL_AA1169AA
SAMN45624562		RAL_AA1432AA
SAMN45624563		RAL_AA1431AA
SAMN45624564		RAL_AA1430AA
SAMN45624565		RAL_AA1429AA
SAMN45624566		RAL_AA1428AA
SAMN45624567		RAL_AA1427AA
SAMN45624568		RAL_AA1426AA
SAMN45624569		RAL_AA1425AA
SAMN45624570		RAL_AA1424AA
SAMN45624571		RAL_AA1423AA
SAMN45624572		RAL_AA1422AA
SAMN45624573		RAL_AA1167AA
SAMN45624574		RAL_AA1166AA
SAMN45624575		RAL_AA1515AA
SAMN45624576		RAL_AA1214AA
SAMN45624577		RAL_AA1213AA
SAMN45624581		RAL_AA1212AA
SAMN45624582		RAL_AA1511AA
SAMN45624583		RAL_AA1211AA
SAMN45624584		RAL_AA1509AA
SAMN45624585		RAL_AA1508AA
SAMN45624586		RAL_AA1210AA
SAMN45624587		RAL_AA1209AA
SAMN45624588		RAL_AA1208AA
SAMN45624589		RAL_AA1207AA
SAMN45624590		RAL_AA1206AA
SAMN45624591		RAL_AA1205AA
SAMN45624592		RAL_AA1204AA
SAMN45624593		RAL_AA1203AA
SAMN45624594		RAL_AA1505AA
SAMN45624595		RAL_AA1504AA
SAMN45624596		RAL_AA1683AA
SAMN45624597		RAL_AA1682AA
SAMN45624598		RAL_AA1681AA
SAMN45624599		RAL_AA1680AA
SAMN45624600		RAL_AA1679AA
SAMN45624601		RAL_AA1678AA
SAMN45624602		RAL_AA1677AA
SAMN45624603		RAL_AA1675AA
SAMN45624604		RAL_AA1674AA
SAMN45624605		RAL_AA1673AA
SAMN45624606		RAL_AA1672AA
SAMN45624607		RAL_AA1671AA
SAMN45624608		RAL_AA1670AA
SAMN45624609		RAL_AA1669AA
SAMN45624611		RAL_AA1667AA
SAMN45624612		RAL_AA1666AA
SAMN45624613		RAL_AA1664AA
SAMN45624614		RAL_AA1663AA
SAMN45624615		RAL_AA1286AA
SAMN45624616		RAL_AA1285AA
SAMN45624617		RAL_AA1284AA
SAMN45624618		RAL_AA1249AA
SAMN45624619		RAL_AA1248AA
SAMN45624620		RAL_AA1247AA
SAMN45624621		RAL_AA1246AA
SAMN45624622		RAL_AA1245AA
SAMN45624623		RAL_AA1244AA
SAMN45624624		RAL_AA1599AA
SAMN45624626		RAL_AA1597AA
SAMN45624627		RAL_AA1596AA
SAMN45624629		RAL_AA1594AA
SAMN45624630		RAL_AA1593AA
SAMN45624631		RAL_AA1592AA
SAMN45624632		RAL_AA1591AA
SAMN45624633		RAL_AA1589AA
SAMN45624634		RAL_AA1588AA
SAMN45624635		RAL_AA1587AA
SAMN45624636		RAL_AA1586AA
SAMN45624637		RAL_AA1585AA
SAMN45624638		RAL_AA1584AA
SAMN45624639		RAL_AA1583AA
SAMN45624640		RAL_AA1420AA
SAMN45624641		RAL_AA1419AA
SAMN45624642		RAL_AA1418AA
SAMN45624643		RAL_AA1416AA
SAMN45624644		RAL_AA1415AA
SAMN45624645		RAL_AA1414AA
SAMN45624646		RAL_AA1413AA
SAMN45624647		RAL_AA1412AA
SAMN45624648		RAL_AA1411AA
SAMN45624649		RAL_AA1410AA
SAMN45624650		RAL_AA1409AA
SAMN45624651		RAL_AA1408AA
SAMN45624652		RAL_AA1407AA
SAMN45624653		RAL_AA1405AA
SAMN45624654		RAL_AA1404AA
SAMN45624655		RAL_AA1403AA
SAMN45624656		RAL_AA1402AA
SAMN45624657		RAL_AA1401AA
SAMN45624658		RAL_AA1400AA
SAMN45624659		RAL_AA1399AA
SAMN45624660		RAL_AA1398AA
SAMN45624661		RAL_AA1397AA
SAMN45624662		RAL_AA1503AA
SAMN45624663		RAL_AA1501AA
SAMN45624664		RAL_AA1500AA
SAMN45624665		RAL_AA1202AA
SAMN45624666		RAL_AA1201AA
SAMN45624668		RAL_AA1200AA
SAMN45624669		RAL_AA1199AA
SAMN45624670		RAL_AA1198AA
SAMN45624671		RAL_AA1197AA
SAMN45624672		RAL_AA1196AA
SAMN46495390	GCF_051071685.1	RAL_AA1390AA
SAMN46495391	GCF_051071665.1	RAL_AA1389AA
SAMN46495392	GCF_051071575.1	RAL_AA1378AA
SAMN46495393	GCF_051071595.1	RAL_AA1367AA
SAMN46495394	GCF_051071555.1	RAL_AA1356AA
SAMN46495395	GCF_051071475.1	RAL_AA1345AA
SAMN46495396	GCF_051071425.1	RAL_AA1334AA
SAMN46495397	GCF_051071445.1	RAL_AA1323AA
SAMN46495398	GCF_051071345.1	RAL_AA1320AA
SAMN46495399	GCF_051071285.1	RAL_AA1319AA
SAMN46495400	GCF_051071315.1	RAL_AA1388AA
SAMN46495401	GCF_051071225.1	RAL_AA1387AA
SAMN46495402	GCF_051071165.1	RAL_AA1386AA
SAMN46495403	GCF_051071185.1	RAL_AA1385AA
SAMN46495404	GCF_051071105.1	RAL_AA1384AA
SAMN46495405	GCF_051071065.1	RAL_AA1383AA
SAMN46495406	GCF_051071035.1	RAL_AA1382AA
SAMN46495407	GCF_051070965.1	RAL_AA1381AA
SAMN46495408	GCF_051070945.1	RAL_AA1380AA
SAMN46495409	GCF_051070875.1	RAL_AA1379AA
SAMN46495410	GCF_051070845.1	RAL_AA1377AA
SAMN46495411	GCF_051070805.1	RAL_AA1376AA
SAMN46495412	GCF_051070755.1	RAL_AA1375AA
SAMN46495413	GCF_051070725.1	RAL_AA1374AA
SAMN46495414	GCF_051070665.1	RAL_AA1373AA
SAMN46495415	GCF_051070595.1	RAL_AA1372AA
SAMN46495416	GCF_051070625.1	RAL_AA1371AA
SAMN46495417	GCF_051070525.1	RAL_AA1370AA
SAMN46495418	GCF_051070495.1	RAL_AA1369AA
SAMN46495419	GCF_051070475.1	RAL_AA1368AA
SAMN46495420	GCF_051070415.1	RAL_AA1366AA
SAMN46495421	GCF_051070365.1	RAL_AA1365AA
SAMN46495422	GCF_051070335.1	RAL_AA1364AA
SAMN46495423	GCF_051070315.1	RAL_AA1363AA
SAMN46495424	GCF_051070295.1	RAL_AA1362AA
SAMN46495425	GCF_051070275.1	RAL_AA1361AA
SAMN46495426	GCF_051070255.1	RAL_AA1360AA
SAMN46495427	GCF_051070215.1	RAL_AA1359AA
SAMN46495428	GCF_051070235.1	RAL_AA1358AA
SAMN46495429	GCF_051070195.1	RAL_AA1357AA
SAMN46495430	GCF_051070175.1	RAL_AA1355AA
SAMN46495431	GCF_051070155.1	RAL_AA1354AA
SAMN46495432	GCF_051070135.1	RAL_AA1353AA
SAMN46495433	GCF_051070115.1	RAL_AA1352AA
SAMN46495434	GCF_051070095.1	RAL_AA1351AA
SAMN46495435	GCF_051070075.1	RAL_AA1350AA
SAMN46495436	GCF_051070055.1	RAL_AA1349AA
SAMN46495437	GCF_051070035.1	RAL_AA1348AA
SAMN46495438	GCF_051070015.1	RAL_AA1347AA
SAMN46495439	GCF_051069995.1	RAL_AA1346AA
SAMN46495440	GCF_051069975.1	RAL_AA1344AA
SAMN46495441	GCF_051069955.1	RAL_AA1343AA
SAMN46495442	GCF_051069935.1	RAL_AA1342AA
SAMN46495443	GCF_051069915.1	RAL_AA1341AA
SAMN46495444	GCF_051069895.1	RAL_AA1340AA
SAMN46495445	GCF_051069875.1	RAL_AA1339AA
SAMN46495446	GCF_051069855.1	RAL_AA1338AA
SAMN46495447	GCF_051069835.1	RAL_AA1337AA
SAMN46495448	GCF_051069815.1	RAL_AA1336AA
SAMN46495449	GCF_051069795.1	RAL_AA1335AA
SAMN46495450	GCF_051069775.1	RAL_AA1333AA
SAMN46495451	GCF_051069755.1	RAL_AA1332AA
SAMN46495452	GCF_051069715.1	RAL_AA1331AA
SAMN46495453	GCF_051069735.1	RAL_AA1330AA
SAMN46495454	GCF_051069695.1	RAL_AA1329AA
SAMN46495455	GCF_051069675.1	RAL_AA1328AA
SAMN46495456	GCF_051069655.1	RAL_AA1327AA
SAMN46495457	GCF_051069635.1	RAL_AA1326AA
SAMN46495458	GCF_051069595.1	RAL_AA1325AA
SAMN46495459	GCF_051069615.1	RAL_AA1324AA
SAMN46495460	GCF_051069575.1	RAL_AA1322AA
SAMN46495461	GCF_051069535.1	RAL_AA1321AA
SAMN46987973	GCF_048287215.1	RAL_AA1000AA
SAMN46987974	GCF_048287255.1	RAL_AA0999AA
SAMN46987975	GCF_048287175.1	RAL_AA0998AA
SAMN46987976	GCF_048287195.1	RAL_AA0996AA
SAMN46987977	GCF_048287315.1	RAL_AA0995AA
SAMN46987978	GCF_048287295.1	RAL_AA1019AA
SAMN46987979	GCF_048287155.1	RAL_AA1007AA
SAMN46987980	GCF_048287235.1	RAL_AA1006AA
SAMN46987981	GCF_048287335.1	RAL_AA1005AA
SAMN46987982	GCF_048287275.1	RAL_AA0992AA
SAMN46987983	GCF_048285085.1	RAL_AA0991AA
SAMN46987984	GCF_048285455.1	RAL_AA0990AA
SAMN46987985	GCF_048285555.1	RAL_AA1013AA
SAMN46987986	GCF_048285135.1	RAL_AA1012AA
SAMN46987987	GCF_048284515.1	RAL_AA1011AA
SAMN46987988	GCF_048285075.1	RAL_AA1010AA
SAMN46987989	GCF_048286315.1	RAL_AA1009AA
SAMN46987990	GCF_048286375.1	RAL_AA0994AA
SAMN46987991	GCF_048286435.1	RAL_AA0993AA
SAMN46987992	GCF_048285755.1	RAL_AA1030AA
SAMN46987993	GCF_048285735.1	RAL_AA1015AA
SAMN46987994	GCF_048285175.1	RAL_AA1014AA
SAMN46987995	GCF_048285795.1	RAL_AA0987AA
SAMN46987996	GCF_048285365.1	RAL_AA0997AA
SAMN46987997	GCF_048285385.1	RAL_AA0986AA
SAMN46987998	GCF_048285775.1	RAL_AA0985AA
SAMN46987999	GCF_048284565.1	RAL_AA0984AA
SAMN46988000	GCF_048285195.1	RAL_AA0983AA
SAMN46988001	GCF_048285315.1	RAL_AA0982AA
SAMN46988002	GCF_048285475.1	RAL_AA1029AA
SAMN46988003	GCF_048286355.1	RAL_AA1028AA
SAMN46988004	GCF_048285505.1	RAL_AA1027AA
SAMN46988005	GCF_048285235.1	RAL_AA1026AA
SAMN46988006	GCF_048285495.1	
SAMN46988007	GCF_048284555.1	RAL_AA1024AA
SAMN46988008	GCF_048284535.1	RAL_AA1023AA
SAMN46988009	GCF_048285265.1	RAL_AA1022AA
SAMN46988010	GCF_048284545.1	RAL_AA1021AA
SAMN46988011	GCF_048286335.1	RAL_AA1020AA
SAMN46988012	GCF_048285285.1	RAL_AA1018AA
SAMN46988013	GCF_048284485.1	RAL_AA1017AA
SAMN46988014	GCF_048285185.1	RAL_AA1016AA
SAMN46988015	GCF_048285845.1	RAL_AA1004AA
SAMN46988016	GCF_048285155.1	RAL_AA1001AA
SAMN46988017	GCF_048285815.1	RAL_AA1008AA
SAMN46988018	GCF_048285485.1	RAL_AA1003AA
SAMN46988019	GCF_048285395.1	RAL_AA0989AA
SAMN46988020	GCF_048285375.1	RAL_AA0988AA
SAMN46988021	GCF_048285255.1	RAL_AA1031AA
SAMN46988022	GCF_048285355.1	RAL_AA1002AA
SAMN47071776	GCF_049726525.1	
SAMN47071777	GCF_049726545.1	
SAMN47071778	GCF_049726445.1	
SAMN47071779	GCF_049726405.1	
SAMN47071780	GCF_049726425.1	
SAMN47071781	GCF_049726345.1	
SAMN47071782	GCF_049726275.1	
SAMN47621265	GCF_049803935.1	RAL_AA1060AA
SAMN47621266	GCF_049803945.1	
SAMN47621267	GCF_049803955.1	RAL_AA1058AA
SAMN47852649	GCF_051068995.1	RAL_AA1318AA
SAMN47852650	GCF_051068955.1	RAL_AA1317AA
SAMN47852651	GCF_051068935.1	RAL_AA1316AA
SAMN47852652	GCF_051068915.1	RAL_AA1315AA
SAMN47852653	GCF_051068895.1	RAL_AA1314AA
SAMN47852654	GCF_051068855.1	RAL_AA1313AA
SAMN47852655	GCF_051068875.1	RAL_AA1312AA
SAMN47852656	GCF_051068835.1	RAL_AA1311AA
SAMN47852657	GCF_051068815.1	RAL_AA1310AA
SAMN47852658	GCF_051068795.1	RAL_AA1309AA
SAMN47852659	GCF_051068735.1	RAL_AA1308AA
SAMN47852660	GCF_051068755.1	RAL_AA1307AA
SAMN47852661	GCF_051068775.1	RAL_AA1306AA
SAMN47852662	GCF_051068715.1	RAL_AA1305AA
SAMN47852663	GCF_051068675.1	RAL_AA1304AA
SAMN47852664	GCF_051068695.1	RAL_AA1303AA
SAMN47852665	GCF_051068655.1	RAL_AA1302AA
SAMN47852666	GCF_051068635.1	RAL_AA1301AA
SAMN47852667	GCF_051068535.1	RAL_AA1300AA
SAMN47852668	GCF_051068615.1	RAL_AA1299AA
SAMN47852669	GCF_051068595.1	RAL_AA1298AA
SAMN47852670	GCF_051068575.1	RAL_AA1297AA
SAMN47852671	GCF_051068555.1	RAL_AA1296AA
SAMN47857644	GCF_049985315.1	
SAMN47865868	GCF_059933145.1	
SAMN47993902	GCF_049860735.1	
SAMN47993903	GCF_049860725.1	
SAMN48075520	GCF_049944985.1	
SAMN48085504	GCF_050516455.1	
SAMN48085505	GCF_050633965.1	
SAMN48085506	GCF_050633945.1	
SAMN48085507	GCF_050633925.1	
SAMN48085508	GCF_050516445.1	
SAMN48085509	GCF_050516435.1	
SAMN48085510	GCF_050516425.1	
SAMN48085511	GCF_050516415.1	
SAMN48085512	GCF_050516405.1	
SAMN48085513	GCF_050516395.1	
SAMN48085514	GCF_051136945.1	
SAMN48144311	GCF_050109335.1	
SAMN48144312	GCF_050109315.1	
SAMN48144313	GCF_050109295.1	
SAMN48144314	GCF_050109275.1	
SAMN48144315	GCF_050109255.1	
SAMN48144316	GCF_050378935.1	
SAMN48144317	GCF_050109235.1	
SAMN48144318	GCF_050109215.1	
SAMN48144319	GCF_050109195.1	
SAMN48144320	GCF_050109175.1	
SAMN48144321	GCF_050471325.1	
SAMN48144322	GCF_050378915.1	
SAMN48144323	GCF_050109155.1	
SAMN48144324	GCF_050109135.1	
SAMN48144325	GCF_050109115.1	
SAMN48144326	GCF_050109095.1	
SAMN48144327	GCF_050109075.1	
SAMN48144328	GCF_050109055.1	
SAMN48144329	GCF_050109035.1	
SAMN48144330	GCF_050109015.1	
SAMN48144331	GCF_050108995.1	
SAMN48144332	GCF_050471305.1	
SAMN48144333	GCF_050108975.1	
SAMN48144334	GCF_050108955.1	
SAMN48144335	GCF_050108935.1	
SAMN48144336	GCF_050108915.1	
SAMN48144337	GCF_050108895.1	
SAMN48144338	GCF_050378895.1	
SAMN48144339	GCF_050108875.1	
SAMN48144340	GCF_050108855.1	
SAMN48144341	GCF_050108835.1	
SAMN48144342	GCF_050108815.1	
SAMN48144343	GCF_050108795.1	
SAMN48144344	GCF_050378875.1	
SAMN48144345	GCF_050108775.1	
SAMN48144346	GCF_050108755.1	
SAMN48144347	GCF_050108735.1	
SAMN48144348	GCF_050108695.1	
SAMN48144349	GCF_050108715.1	
SAMN48144350	GCF_050108675.1	
SAMN48144351	GCF_050108655.1	
SAMN48144352	GCF_050108635.1	
SAMN48144353	GCF_050108615.1	
SAMN48144354	GCF_050108595.1	
SAMN48144355	GCF_050378855.1	
SAMN48144356	GCF_050108575.1	
SAMN48144357	GCF_050108555.1	
SAMN48144358	GCF_050108535.1	
SAMN48144359	GCF_050108515.1	
SAMN48144360	GCF_050108495.1	
SAMN48144361	GCF_050108475.1	
SAMN48144362	GCF_050108455.1	
SAMN48144363	GCF_050108415.1	
SAMN48144364	GCF_050108435.1	
SAMN48144365	GCF_050108395.1	
SAMN48144366	GCF_050108375.1	
SAMN48144367	GCF_050108355.1	
SAMN48144368	GCF_050108335.1	
SAMN48144369	GCF_050108315.1	
SAMN48144370	GCF_050108295.1	
SAMN48144371	GCF_050106975.1	
SAMN48144372	GCF_050108275.1	
SAMN48144373	GCF_050108255.1	
SAMN48144374	GCF_050108215.1	
SAMN48144375	GCF_050106955.1	
SAMN48144376	GCF_050106935.1	
SAMN48144377	GCF_050106915.1	
SAMN48144378	GCF_050108235.1	
SAMN48144379	GCF_050106895.1	
SAMN48144380	GCF_050106875.1	
SAMN48144381	GCF_050106855.1	
SAMN48144382	GCF_050378835.1	
SAMN48144383	GCF_050106835.1	
SAMN48144384	GCF_050106815.1	
SAMN48144385	GCF_050106795.1	
SAMN48144386	GCF_050378815.1	
SAMN48144387	GCF_050106775.1	
SAMN48144388	GCF_050378795.1	
SAMN48144389	GCF_050106755.1	
SAMN48144390	GCF_050106735.1	
SAMN48144445	GCF_050109875.1	
SAMN48144446	GCF_050109855.1	
SAMN48144447	GCF_050378995.1	
SAMN48144448	GCF_050109835.1	
SAMN48144449	GCF_050109815.1	
SAMN48144450	GCF_050109795.1	
SAMN48144451	GCF_050109775.1	
SAMN48144452	GCF_050109755.1	
SAMN48144453	GCF_050109735.1	
SAMN48144454	GCF_050109715.1	
SAMN48144455	GCF_050109695.1	
SAMN48144456	GCF_050109675.1	
SAMN48144457	GCF_050378975.1	
SAMN48144458	GCF_050109655.1	
SAMN48144459	GCF_050109635.1	
SAMN48144460	GCF_050109615.1	
SAMN48144461	GCF_050109595.1	
SAMN48144462	GCF_050109575.1	
SAMN48144463	GCF_050109555.1	
SAMN48144464	GCF_050109535.1	
SAMN48144465	GCF_050109515.1	
SAMN48144466	GCF_050378955.1	
SAMN48144467	GCF_050109495.1	
SAMN48144468	GCF_050109475.1	
SAMN48144469	GCF_050109455.1	
SAMN48144470	GCF_050109435.1	
SAMN48144471	GCF_050109415.1	
SAMN48144472	GCF_050109395.1	
SAMN48144473	GCF_050109375.1	
SAMN48144474	GCF_050109355.1	
SAMN48191345	GCF_050113975.1	
SAMN48210614	GCF_050171515.1	
SAMN48210615	GCF_050171465.1	
SAMN48210616	GCF_050171415.1	
SAMN48881384	GCF_051217005.1	
SAMN48955999	GCF_057320865.1	
SAMN48977310	GCF_057320845.1	RAL_AA1767AA
SAMN48995533	GCF_057320885.1	
SAMN49812370	GCF_051305165.1	RAL_AA1763AA
SAMN50030529	GCF_051933255.1	
SAMN50030530	GCF_051933855.1	
SAMN50180639	GCF_054968885.1	
SAMN51286211	GCF_055523335.1	
SAMN51336171	GCF_052747835.1	RAL_AA1765AA
SAMN51433432	GCF_052828505.1	
SAMN52376887	GCF_053878305.1	
SAMN54739139	GCF_057808465.1	
SAMN54805814	GCF_054881635.1	
SAMN54805815	GCF_054882405.1	
SAMN54805816	GCF_054882395.1	
SAMN54805817	GCF_054882375.1	
SAMN54994970		RAL_AA1837AA
SAMN54994971		RAL_AA1836AA
SAMN54994972		RAL_AA1825AA
SAMN54994973		RAL_AA1814AA
SAMN54994974		RAL_AA1810AA
SAMN54994975		RAL_AA1809AA
SAMN54994976		RAL_AA1808AA
SAMN54994977		RAL_AA1807AA
SAMN54994978		RAL_AA1806AA
SAMN54994979		RAL_AA1805AA
SAMN54994980		RAL_AA1835AA
SAMN54994981		RAL_AA1834AA
SAMN54994982		RAL_AA1833AA
SAMN54994983		RAL_AA1832AA
SAMN54994984		RAL_AA1831AA
SAMN54994985		RAL_AA1830AA
SAMN54994986		RAL_AA1829AA
SAMN54994987		RAL_AA1828AA
SAMN54994988		RAL_AA1827AA
SAMN54994989		RAL_AA1826AA
SAMN54994990		RAL_AA1824AA
SAMN54994991		RAL_AA1823AA
SAMN54994992		RAL_AA1822AA
SAMN54994993		RAL_AA1821AA
SAMN54994994		RAL_AA1820AA
SAMN54994995		RAL_AA1819AA
SAMN54994996		RAL_AA1818AA
SAMN54994997		RAL_AA1817AA
SAMN54994998		RAL_AA1816AA
SAMN54994999		RAL_AA1815AA
SAMN54995000		RAL_AA1813AA
SAMN54995001		RAL_AA1812AA
SAMN54995002		RAL_AA1811AA
SAMN56344637	GCA_059736765.1	
SAMN56505471		RAL_AA1860AA
SAMN56505473		RAL_AA1858AA
SAMN56505474		RAL_AA1857AA
SAMN56533517	GCF_056316165.1	
SAMN57364248	GCF_056897615.1	RAL_AA1878AA
SAMN57364249	GCF_056897475.1	RAL_AA1877AA
SAMN57364250	GCF_056897635.1	RAL_AA1876AA
SAMN57364251	GCF_056897595.1	RAL_AA1875AA
SAMN57364252	GCF_056897675.1	RAL_AA1874AA
SAMN57364344	GCF_056897435.1	RAL_AA1873AA
SAMN61027274	GCF_058934505.1	RAL_AA2016AA
SAMN61028615	GCF_058934665.1	
SAMN61028616	GCF_058934555.1	RAL_AA2014AA
SAMN61028617	GCF_058934535.1	RAL_AA2013AA
SAMN61800722	GCF_059878675.1	
SAMN61800723	GCF_059878715.1	
SAMN61800724	GCF_059878735.1	
SAMN61800726	GCF_059878755.1	
SAMN61800728	GCF_059878775.1	
SAMN61800730	GCF_059878795.1	
SAMN61842872		RAL_AA2011AA
SAMN61842874		RAL_AA2000AA
SAMN61842875		RAL_AA1999AA
SAMN61842876		RAL_AA1998AA
SAMN61842877		RAL_AA1997AA
SAMN61842878		RAL_AA1996AA
SAMN61842879		RAL_AA1995AA
SAMN61842880		RAL_AA1994AA
SAMN61842881		RAL_AA2010AA
SAMN61842882		RAL_AA2009AA
SAMN61842883		RAL_AA2008AA
SAMN61842884		RAL_AA2007AA
SAMN61842885		RAL_AA2006AA
SAMN61842886		RAL_AA2005AA
SAMN61842887		RAL_AA2004AA
SAMN61842888		RAL_AA2003AA
SAMN61842889		RAL_AA2002AA
