biosample	has_assembly	assembly_accessions
SAMN62347673	NO	
SAMN62258039	NO	
SAMN62258038	NO	
SAMN62258037	NO	
SAMN62258036	NO	
SAMN62258035	NO	
SAMN62258034	NO	
SAMN62258033	NO	
SAMN62258032	NO	
SAMN62149727	NO	
SAMN62149726	NO	
SAMN62149725	NO	
SAMN62149724	NO	
SAMN62149723	NO	
SAMN62149722	NO	
SAMN62149721	NO	
SAMN56344637	YES	GCA_059736765.1
SAMN62081425	NO	
SAMN62081424	NO	
SAMN62081423	NO	
SAMN62081422	NO	
SAMN61800723	YES	GCF_059878715.1
SAMN47865868	YES	GCF_059933145.1
SAMN62021623	NO	
SAMN62021622	NO	
SAMN62021621	NO	
SAMN62021620	NO	
SAMN62021619	NO	
SAMN62021618	NO	
SAMN56505474	NO	
SAMN56505473	NO	
SAMN56505472	NO	
SAMN56505471	NO	
SAMN49549708	NO	
SAMN44820517	YES	GCF_054491995.1
SAMN42180106	YES	GCF_041228115.3
SAMN42180105	YES	GCF_041734835.1
SAMN42180104	NO	
SAMN42180103	YES	GCF_041734965.1
SAMN61800730	YES	GCF_059878795.1
SAMN61800729	NO	
SAMN61800728	YES	GCF_059878775.1
SAMN61800727	NO	
SAMN61800726	YES	GCF_059878755.1
SAMN61800725	NO	
SAMN61800724	YES	GCF_059878735.1
SAMN61800722	YES	GCF_059878675.1
SAMN44467445	YES	GCF_047509085.1
SAMEA10977830	YES	GCF_919592095.1
SAMN18995169	NO	
SAMN18995168	NO	
SAMN17266611	YES	GCF_016743075.1
SAMN45032525	YES	GCA_046245135.1
SAMN44629557	NO	
SAMN44629040	YES	GCF_045257735.1
SAMN61028617	YES	GCF_058934535.1
SAMN61028616	YES	GCF_058934555.1
SAMN61028615	YES	GCF_058934665.1
SAMN61027274	YES	GCF_058934505.1
SAMN61842889	NO	
SAMN61842888	NO	
SAMN61842887	NO	
SAMN61842886	NO	
SAMN61842885	NO	
SAMN61842884	NO	
SAMN61842883	NO	
SAMN61842882	NO	
SAMN61842881	NO	
SAMN61842880	NO	
SAMN61842879	NO	
SAMN61842878	NO	
SAMN61842877	NO	
SAMN61842876	NO	
SAMN61842875	NO	
SAMN61842874	NO	
SAMN61842873	NO	
SAMN61842872	NO	
SAMN61842871	NO	
SAMN61588889	NO	
SAMN37757528	NO	
SAMN37757527	NO	
SAMN37757526	NO	
SAMN37757525	NO	
SAMN61141222	NO	
SAMN61240277	NO	
SAMN61240276	NO	
SAMN61240275	NO	
SAMN61240274	NO	
SAMN61240273	NO	
SAMN61240272	NO	
SAMN61240271	NO	
SAMN61240270	NO	
SAMN61240269	NO	
SAMD01900708	NO	
SAMD01900707	NO	
SAMD01900706	NO	
SAMD01900705	NO	
SAMN06289803	YES	GCF_002012345.1
SAMN43428450	YES	GCA_059009725.1
SAMN58956613	NO	
SAMN58956612	NO	
SAMN58956611	NO	
SAMN58956610	NO	
SAMN58956609	NO	
SAMN58956608	NO	
SAMD01793679	NO	
SAMD01793678	NO	
SAMD01793677	NO	
SAMN60390615	NO	
SAMN60390614	NO	
SAMN60390613	NO	
SAMN60390612	NO	
SAMN60390611	NO	
SAMN60390610	NO	
SAMN60390609	NO	
SAMN60390608	NO	
SAMN60390607	NO	
SAMN54739139	YES	GCF_057808465.1
SAMN57364344	YES	GCF_056897435.1
SAMN57364252	YES	GCF_056897675.1
SAMN57364251	YES	GCF_056897595.1
SAMN57364250	YES	GCF_056897635.1
SAMN57364249	YES	GCF_056897475.1
SAMN57364248	YES	GCF_056897615.1
SAMN28078153	NO	
SAMN56533517	YES	GCF_056316165.1
SAMN55915791	NO	
SAMN55915790	NO	
SAMN55915789	NO	
SAMN55915788	NO	
SAMN55915787	NO	
SAMN55915786	NO	
SAMD01793809	NO	
SAMD01793808	NO	
SAMD01793807	NO	
SAMD01793806	NO	
SAMD01793805	NO	
SAMD01793804	NO	
SAMD01793803	NO	
SAMD01793802	NO	
SAMD01793801	NO	
SAMD01793800	NO	
SAMD01793799	NO	
SAMD01793798	NO	
SAMD01793797	NO	
SAMD01793796	NO	
SAMD01793795	NO	
SAMN50180639	YES	GCF_054968885.1
SAMN47662159	NO	
SAMN47662158	NO	
SAMN47662157	NO	
SAMEA121249153	NO	
SAMN54995002	NO	
SAMN54995001	NO	
SAMN54995000	NO	
SAMN54994999	NO	
SAMN54994998	NO	
SAMN54994997	NO	
SAMN54994996	NO	
SAMN54994995	NO	
SAMN54994994	NO	
SAMN54994993	NO	
SAMN54994992	NO	
SAMN54994991	NO	
SAMN54994990	NO	
SAMN54994989	NO	
SAMN54994988	NO	
SAMN54994987	NO	
SAMN54994986	NO	
SAMN54994985	NO	
SAMN54994984	NO	
SAMN54994983	NO	
SAMN54994982	NO	
SAMN54994981	NO	
SAMN54994980	NO	
SAMN54994979	NO	
SAMN54994978	NO	
SAMN54994977	NO	
SAMN54994976	NO	
SAMN54994975	NO	
SAMN54994974	NO	
SAMN54994973	NO	
SAMN54994972	NO	
SAMN54994971	NO	
SAMN54994970	NO	
SAMN54938012	NO	
SAMN54938011	NO	
SAMN54938010	NO	
SAMN54938009	NO	
SAMN54938008	NO	
SAMN54938007	NO	
SAMN54805817	YES	GCF_054882375.1
SAMN54805816	YES	GCF_054882395.1
SAMN54805815	YES	GCF_054882405.1
SAMN54805814	YES	GCF_054881635.1
SAMN44820527	YES	GCF_054491785.1
SAMN44820520	YES	GCF_054491935.1
SAMN44820519	YES	GCF_054491955.1
SAMN44820518	YES	GCF_054491975.1
SAMN44820516	YES	GCF_054492015.1
SAMN44820515	YES	GCF_054492035.1
SAMN44820514	YES	GCF_054492055.1
SAMN44820512	YES	GCF_054492075.1
SAMN44820511	YES	GCF_054492115.1
SAMN44820510	YES	GCF_054492095.1
SAMN44820508	YES	GCF_054492135.1
SAMN44820506	YES	GCF_054492155.1
SAMN44820504	YES	GCF_054492175.1
SAMN44820503	YES	GCF_054492195.1
SAMN44820499	YES	GCF_054492215.1
SAMN44820497	YES	GCF_054492235.1
SAMN44820496	YES	GCF_054492255.1
SAMN44820495	YES	GCF_054492275.1
SAMN44820494	YES	GCF_054492295.1
SAMN44820493	YES	GCF_054492315.1
SAMN54596583	NO	
SAMN54596582	NO	
SAMN54596581	NO	
SAMN54596580	NO	
SAMN54596579	NO	
SAMN54596578	NO	
SAMN54596577	NO	
SAMN54596576	NO	
SAMN54596575	NO	
SAMN54596574	NO	
SAMN44820509	YES	GCF_054501615.1
SAMN44820507	YES	GCF_054501605.1
SAMN44820505	YES	GCF_057920885.1
SAMN44820502	YES	GCF_054501595.1
SAMN44820501	YES	GCF_054501585.1
SAMN44820500	YES	GCF_054501565.1
SAMN44820498	YES	GCF_054501575.1
SAMN43909937	YES	GCF_057584495.1
SAMN43909931	YES	GCF_057584505.1
SAMN43909898	YES	GCF_057584515.1
SAMN43909896	YES	GCF_057584525.1
SAMN43909832	YES	GCF_057584535.1
SAMD01755904	NO	
SAMD01755903	NO	
SAMD01755902	NO	
SAMD01755901	NO	
SAMD01755900	NO	
SAMD01755899	NO	
SAMD01755898	NO	
SAMD01755897	NO	
SAMD01755896	NO	
SAMD01755895	NO	
SAMD01755894	NO	
SAMD01755893	NO	
SAMD01755892	NO	
SAMD01755891	NO	
SAMD01755890	NO	
SAMD01755889	NO	
SAMD01755888	NO	
SAMD01755887	NO	
SAMD01755886	NO	
SAMD01755885	NO	
SAMD01755884	NO	
SAMD01755883	NO	
SAMD01755882	NO	
SAMD01755881	NO	
SAMD01755880	NO	
SAMD01755879	NO	
SAMD01755878	NO	
SAMD01755877	NO	
SAMD01755876	NO	
SAMD01755875	NO	
SAMD01755874	NO	
SAMD01755873	NO	
SAMD01755872	NO	
SAMD01755871	NO	
SAMD01755870	NO	
SAMD01755869	NO	
SAMD01755868	NO	
SAMD01755867	NO	
SAMD01755866	NO	
SAMD01755865	NO	
SAMD01755864	NO	
SAMD01755863	NO	
SAMD01755862	NO	
SAMD01755861	NO	
SAMD01755860	NO	
SAMD01755859	NO	
SAMD01755858	NO	
SAMD01755857	NO	
SAMD01755856	NO	
SAMD01755855	NO	
SAMD01755854	NO	
SAMD01755853	NO	
SAMD01755852	NO	
SAMD01755851	NO	
SAMD01755850	NO	
SAMD01755849	NO	
SAMD01755848	NO	
SAMD01755847	NO	
SAMD01755846	NO	
SAMD01755845	NO	
SAMD01755844	NO	
SAMD01755843	NO	
SAMD01755842	NO	
SAMD01755841	NO	
SAMD01755840	NO	
SAMD01755839	NO	
SAMD01755838	NO	
SAMD01755837	NO	
SAMD01755836	NO	
SAMD01755835	NO	
SAMD01755834	NO	
SAMD01755833	NO	
SAMD01755832	NO	
SAMD01755831	NO	
SAMD01755830	NO	
SAMD01755829	NO	
SAMD01755828	NO	
SAMD01755827	NO	
SAMD01755826	NO	
SAMD01755825	NO	
SAMD01755824	NO	
SAMD01755823	NO	
SAMD01755822	NO	
SAMD01755821	NO	
SAMD01755820	NO	
SAMD01755819	NO	
SAMD01755818	NO	
SAMD01755817	NO	
SAMD01755816	NO	
SAMD01755815	NO	
SAMD01755814	NO	
SAMD01755813	NO	
SAMD01755812	NO	
SAMD01755811	NO	
SAMD01755810	NO	
SAMD01755809	NO	
SAMD01755808	NO	
SAMD01755807	NO	
SAMD01755806	NO	
SAMD01755805	NO	
SAMD01755804	NO	
SAMD01755803	NO	
SAMD01755802	NO	
SAMN48892068	NO	
SAMN48892067	NO	
SAMN48892066	NO	
SAMN48892065	NO	
SAMN48892064	NO	
SAMN48892063	NO	
SAMN48892062	NO	
SAMN48892061	NO	
SAMN48892060	NO	
SAMN48892059	NO	
SAMN48892058	NO	
SAMN48892057	NO	
SAMN48892056	NO	
SAMN48892055	NO	
SAMN48892054	NO	
SAMN48892053	NO	
SAMN48892052	NO	
SAMN48892051	NO	
SAMN48892050	NO	
SAMN48892049	NO	
SAMN48892048	NO	
SAMN48892047	NO	
SAMN48892046	NO	
SAMN48892045	NO	
SAMN48892044	NO	
SAMN48892043	NO	
SAMEA120526971	NO	
SAMEA120526957	NO	
SAMEA120526968	NO	
SAMEA120526958	NO	
SAMEA120526962	NO	
SAMEA120526960	NO	
SAMEA120526970	NO	
SAMEA120526973	NO	
SAMEA120526961	NO	
SAMEA120526955	NO	
SAMEA120526952	NO	
SAMEA120526967	NO	
SAMEA120526972	NO	
SAMEA120526956	NO	
SAMEA120526959	NO	
SAMEA120526966	NO	
SAMEA120515209	NO	
SAMEA120515201	NO	
SAMEA120517282	NO	
SAMEA120515203	NO	
SAMEA120515101	NO	
SAMEA120515207	NO	
SAMEA120515205	NO	
SAMEA120515213	NO	
SAMEA120515149	NO	
SAMEA120515137	NO	
SAMEA120515177	NO	
SAMEA120515185	NO	
SAMEA120515157	NO	
SAMEA120515189	NO	
SAMEA120515109	NO	
SAMEA120515111	NO	
SAMEA120515171	NO	
SAMEA120515187	NO	
SAMEA120515141	NO	
SAMEA120515175	NO	
SAMEA120515119	NO	
SAMEA120515193	NO	
SAMEA120515151	NO	
SAMEA120515165	NO	
SAMEA120515197	NO	
SAMEA120515125	NO	
SAMEA120515167	NO	
SAMEA120515129	NO	
SAMEA120515121	NO	
SAMEA120515143	NO	
SAMEA120515145	NO	
SAMEA120515199	NO	
SAMEA120515139	NO	
SAMEA120515173	NO	
SAMEA120515181	NO	
SAMEA120515123	NO	
SAMEA120515169	NO	
SAMEA120515127	NO	
SAMEA120515183	NO	
SAMEA120515113	NO	
SAMEA120515147	NO	
SAMEA120515179	NO	
SAMEA120515133	NO	
SAMEA120515191	NO	
SAMEA120515195	NO	
SAMEA120515135	NO	
SAMEA120517281	NO	
SAMEA120515131	NO	
SAMEA120515083	NO	
SAMEA120515069	NO	
SAMEA120515095	NO	
SAMEA120515031	NO	
SAMEA120515089	NO	
SAMEA120515063	NO	
SAMEA120515067	NO	
SAMEA120515053	NO	
SAMEA120515037	NO	
SAMEA120515099	NO	
SAMEA120515057	NO	
SAMEA120517280	NO	
SAMEA120515023	NO	
SAMEA120515059	NO	
SAMEA120515087	NO	
SAMEA120515025	NO	
SAMEA120515055	NO	
SAMEA120515091	NO	
SAMEA120515097	NO	
SAMEA120515027	NO	
SAMEA120515061	NO	
SAMEA120515043	NO	
SAMEA120515041	NO	
SAMEA120515073	NO	
SAMEA120515105	NO	
SAMEA120515081	NO	
SAMEA120515029	NO	
SAMEA120515085	NO	
SAMEA120515051	NO	
SAMEA120517279	NO	
SAMEA120515045	NO	
SAMEA120515079	NO	
SAMEA120515093	NO	
SAMEA120515047	NO	
SAMEA120515039	NO	
SAMEA120515075	NO	
SAMEA120515035	NO	
SAMEA120515049	NO	
SAMEA120515071	NO	
SAMEA120515033	NO	
SAMEA120515077	NO	
SAMEA120515065	NO	
SAMEA120515103	NO	
SAMEA120514927	NO	
SAMEA120514999	NO	
SAMEA120514993	NO	
SAMEA120514955	NO	
SAMEA120514991	NO	
SAMEA120514939	NO	
SAMEA120515003	NO	
SAMEA120514941	NO	
SAMEA120514951	NO	
SAMEA120514931	NO	
SAMEA120514997	NO	
SAMEA120514959	NO	
SAMEA120514957	NO	
SAMEA120514935	NO	
SAMEA120515001	NO	
SAMEA120515005	NO	
SAMEA120514969	NO	
SAMEA120514933	NO	
SAMEA120514937	NO	
SAMEA120514929	NO	
SAMEA120514967	NO	
SAMEA120514995	NO	
SAMEA120514945	NO	
SAMEA120517278	NO	
SAMEA120514883	NO	
SAMEA120514857	NO	
SAMEA120514837	NO	
SAMEA120514867	NO	
SAMEA120514873	NO	
SAMEA120514859	NO	
SAMEA120514851	NO	
SAMEA120514879	NO	
SAMEA120514841	NO	
SAMEA120514875	NO	
SAMEA120514891	NO	
SAMEA120514853	NO	
SAMEA120517276	NO	
SAMEA120514835	NO	
SAMEA120514863	NO	
SAMEA120514897	NO	
SAMEA120514887	NO	
SAMEA120514847	NO	
SAMEA120514831	NO	
SAMEA120514907	NO	
SAMEA120514893	NO	
SAMEA120514865	NO	
SAMEA120514833	NO	
SAMEA120514889	NO	
SAMEA120514843	NO	
SAMEA120514899	NO	
SAMEA120514871	NO	
SAMEA120514849	NO	
SAMEA120514861	NO	
SAMEA120514901	NO	
SAMEA120514869	NO	
SAMEA120514839	NO	
SAMEA120514905	NO	
SAMEA120514877	NO	
SAMEA120514895	NO	
SAMEA120514885	NO	
SAMEA120514909	NO	
SAMEA120514845	NO	
SAMEA120517277	NO	
SAMN53365625	NO	
SAMN53365624	NO	
SAMN53365623	NO	
SAMN53365622	NO	
SAMN53365621	NO	
SAMN53365620	NO	
SAMN53365619	NO	
SAMN53365618	NO	
SAMN53365617	NO	
SAMN53365616	NO	
SAMN47772879	NO	
SAMN47772878	NO	
SAMN47772877	NO	
SAMN47772876	NO	
SAMN47772875	NO	
SAMN47772874	NO	
SAMN52376887	YES	GCF_053878305.1
SAMN48995533	YES	GCF_057320885.1
SAMN48977310	YES	GCF_057320845.1
SAMN48955999	YES	GCF_057320865.1
SAMN51433432	YES	GCF_052828505.1
SAMN37721522	YES	GCF_052784355.1
SAMN51336171	YES	GCF_052747835.1
SAMN51286211	YES	GCF_055523335.1
SAMN47519698	NO	
SAMN47519697	NO	
SAMN47519696	NO	
SAMN47519695	NO	
SAMN47519694	NO	
SAMN47519693	NO	
SAMN47519692	NO	
SAMN47519691	NO	
SAMN47519690	NO	
SAMN47519689	NO	
SAMN47519688	NO	
SAMN47519687	NO	
SAMN47519686	NO	
SAMN47519685	NO	
SAMN47519684	NO	
SAMN47519683	NO	
SAMN47519682	NO	
SAMN47519681	NO	
SAMN47519680	NO	
SAMN47519679	NO	
SAMN47519678	NO	
SAMN47519677	NO	
SAMN47519676	NO	
SAMN47519675	NO	
SAMN47519674	NO	
SAMN47519673	NO	
SAMN47519672	NO	
SAMN47519671	NO	
SAMN47519670	NO	
SAMN47519669	NO	
SAMN47519668	NO	
SAMN47519667	NO	
SAMN47519666	NO	
SAMN47519665	NO	
SAMN47519664	NO	
SAMN47519663	NO	
SAMN47519662	NO	
SAMN47519661	NO	
SAMN47519660	NO	
SAMN47519659	NO	
SAMN47519658	NO	
SAMN47519657	NO	
SAMN47519656	NO	
SAMN47519655	NO	
SAMN47519654	NO	
SAMN47519653	NO	
SAMN47519652	NO	
SAMN47519651	NO	
SAMN47519650	NO	
SAMN47519649	NO	
SAMN47519648	NO	
SAMN47519647	NO	
SAMN47519646	NO	
SAMN47519645	NO	
SAMN47519644	NO	
SAMN47519643	NO	
SAMN47519642	NO	
SAMN47519641	NO	
SAMN47519640	NO	
SAMN47519639	NO	
SAMN47519638	NO	
SAMN47519637	NO	
SAMN47519636	NO	
SAMN47519635	NO	
SAMN47519634	NO	
SAMN47519633	NO	
SAMN47519632	NO	
SAMN47519631	NO	
SAMN47519630	NO	
SAMN47519629	NO	
SAMN47519628	NO	
SAMN47519627	NO	
SAMN47519626	NO	
SAMN47519625	NO	
SAMN47519624	NO	
SAMN47519623	NO	
SAMN47519622	NO	
SAMN47519621	NO	
SAMN47519620	NO	
SAMN47519619	NO	
SAMN47519618	NO	
SAMN47519617	NO	
SAMN47519616	NO	
SAMN47519615	NO	
SAMN47519614	NO	
SAMN47519613	NO	
SAMN47519612	NO	
SAMN47519611	NO	
SAMN47519610	NO	
SAMN47519609	NO	
SAMN46495461	YES	GCF_051069535.1
SAMN46495460	YES	GCF_051069575.1
SAMN46495459	YES	GCF_051069615.1
SAMN46495458	YES	GCF_051069595.1
SAMN46495457	YES	GCF_051069635.1
SAMN46495456	YES	GCF_051069655.1
SAMN46495455	YES	GCF_051069675.1
SAMN46495454	YES	GCF_051069695.1
SAMN46495453	YES	GCF_051069735.1
SAMN46495452	YES	GCF_051069715.1
SAMN46495451	YES	GCF_051069755.1
SAMN46495450	YES	GCF_051069775.1
SAMN46495449	YES	GCF_051069795.1
SAMN46495448	YES	GCF_051069815.1
SAMN46495447	YES	GCF_051069835.1
SAMN46495446	YES	GCF_051069855.1
SAMN46495445	YES	GCF_051069875.1
SAMN46495444	YES	GCF_051069895.1
SAMN46495443	YES	GCF_051069915.1
SAMN46495442	YES	GCF_051069935.1
SAMN46495441	YES	GCF_051069955.1
SAMN46495440	YES	GCF_051069975.1
SAMN46495439	YES	GCF_051069995.1
SAMN46495438	YES	GCF_051070015.1
SAMN46495437	YES	GCF_051070035.1
SAMN46495436	YES	GCF_051070055.1
SAMN46495435	YES	GCF_051070075.1
SAMN46495434	YES	GCF_051070095.1
SAMN46495433	YES	GCF_051070115.1
SAMN46495432	YES	GCF_051070135.1
SAMN46495431	YES	GCF_051070155.1
SAMN46495430	YES	GCF_051070175.1
SAMN46495429	YES	GCF_051070195.1
SAMN46495428	YES	GCF_051070235.1
SAMN46495427	YES	GCF_051070215.1
SAMN46495426	YES	GCF_051070255.1
SAMN46495425	YES	GCF_051070275.1
SAMN46495424	YES	GCF_051070295.1
SAMN46495423	YES	GCF_051070315.1
SAMN46495422	YES	GCF_051070335.1
SAMN46495421	YES	GCF_051070365.1
SAMN46495420	YES	GCF_051070415.1
SAMN46495419	YES	GCF_051070475.1
SAMN46495418	YES	GCF_051070495.1
SAMN46495417	YES	GCF_051070525.1
SAMN46495416	YES	GCF_051070625.1
SAMN46495415	YES	GCF_051070595.1
SAMN46495414	YES	GCF_051070665.1
SAMN46495413	YES	GCF_051070725.1
SAMN46495412	YES	GCF_051070755.1
SAMN46495411	YES	GCF_051070805.1
SAMN46495410	YES	GCF_051070845.1
SAMN46495409	YES	GCF_051070875.1
SAMN46495408	YES	GCF_051070945.1
SAMN46495407	YES	GCF_051070965.1
SAMN46495406	YES	GCF_051071035.1
SAMN46495405	YES	GCF_051071065.1
SAMN46495404	YES	GCF_051071105.1
SAMN46495403	YES	GCF_051071185.1
SAMN46495402	YES	GCF_051071165.1
SAMN46495401	YES	GCF_051071225.1
SAMN46495400	YES	GCF_051071315.1
SAMN46495399	YES	GCF_051071285.1
SAMN46495398	YES	GCF_051071345.1
SAMN46495397	YES	GCF_051071445.1
SAMN46495396	YES	GCF_051071425.1
SAMN46495395	YES	GCF_051071475.1
SAMN46495394	YES	GCF_051071555.1
SAMN46495393	YES	GCF_051071595.1
SAMN46495392	YES	GCF_051071575.1
SAMN46495391	YES	GCF_051071665.1
SAMN46495390	YES	GCF_051071685.1
SAMN43154446	NO	
SAMEA118939735	YES	GCA_966250315.1
SAMEA118821850	YES	GCA_965653545.1
SAMEA118817294	YES	GCA_965651225.1
SAMN50030530	YES	GCF_051933855.1
SAMN50030529	YES	GCF_051933255.1
SAMN49966198	NO	
SAMN20349546	YES	GCF_056815655.1
SAMN49812370	YES	GCF_051305165.1
SAMN49888381	NO	
SAMN49888380	NO	
SAMN49888379	NO	
SAMN49888378	NO	
SAMN49888377	NO	
SAMN49888376	NO	
SAMD01229264	YES	GCF_055381255.1
SAMD01229263	YES	GCF_055381665.1
SAMD01229262	YES	GCF_055382065.1
SAMD01229261	YES	GCF_055382505.1
SAMD01229260	YES	GCF_055382985.1
SAMD01229259	YES	GCF_055383385.1
SAMD01229258	YES	GCF_055383745.1
SAMD01229257	YES	GCF_055384275.1
SAMD01229256	YES	GCF_055384705.1
SAMD01229255	YES	GCF_055385165.1
SAMD01229254	YES	GCF_055385455.1
SAMD01229253	YES	GCF_055385805.1
SAMD01229252	YES	GCF_055386205.1
SAMD01229251	YES	GCF_055386725.1
SAMD01229250	YES	GCF_055387005.1
SAMD01229249	YES	GCF_055387435.1
SAMD01229248	YES	GCF_055387795.1
SAMD01229247	YES	GCF_055388045.1
SAMD01229246	YES	GCF_055388575.1
SAMD01229245	YES	GCF_055388975.1
SAMD01229244	YES	GCF_055389345.1
SAMD01229243	YES	GCF_055389715.1
SAMD01229242	YES	GCF_055390135.1
SAMD01229241	YES	GCF_055390515.1
SAMD01229240	YES	GCF_055390875.1
SAMD01229239	YES	GCF_055391275.1
SAMD01229238	YES	GCF_055391615.1
SAMD01229237	YES	GCF_055392015.1
SAMD01229236	YES	GCF_055392275.1
SAMD01229235	YES	GCF_055392795.1
SAMD01229234	YES	GCF_055393385.1
SAMD01229233	YES	GCF_055393665.1
SAMD01229232	YES	GCF_055394015.1
SAMD01229231	YES	GCF_055394465.1
SAMD01229230	YES	GCF_055395105.1
SAMD01229229	YES	GCF_055395325.1
SAMD01229228	YES	GCF_055395705.1
SAMD01229227	YES	GCF_055396295.1
SAMD01229226	YES	GCF_055396565.1
SAMD01229225	YES	GCF_055396855.1
SAMD01229224	YES	GCF_055396955.1
SAMD01229223	YES	GCF_055397205.1
SAMD01229222	YES	GCF_055397415.1
SAMD01229221	YES	GCF_055397595.1
SAMD01229220	YES	GCF_055397765.1
SAMD01229219	YES	GCF_055398065.1
SAMD01229218	YES	GCF_055398245.1
SAMD01229217	YES	GCF_055378275.1
SAMD01229216	YES	GCF_055378695.1
SAMD01229215	YES	GCF_055378945.1
SAMD01229214	YES	GCF_055379425.1
SAMD01229213	YES	GCF_055379705.1
SAMD01229212	YES	GCF_055380045.1
SAMD01229211	YES	GCF_055380435.1
SAMD01229210	YES	GCF_055380885.1
SAMD01229209	YES	GCF_055381295.1
SAMD01229208	YES	GCF_055381715.1
SAMD01229207	YES	GCF_055382075.1
SAMD01229206	YES	GCF_055382575.1
SAMD01229205	YES	GCF_055383015.1
SAMD01229204	YES	GCF_055383415.1
SAMD01229203	YES	GCF_055383775.1
SAMD01229202	YES	GCF_055542735.1
SAMD01229201	YES	GCF_055384715.1
SAMD01229200	YES	GCF_055385175.1
SAMD01229199	YES	GCF_055385485.1
SAMD01229198	YES	GCF_055385855.1
SAMD01229197	YES	GCF_055386225.1
SAMD01229196	YES	GCF_055386735.1
SAMD01229195	YES	GCF_055387035.1
SAMD01229194	YES	GCF_055387485.1
SAMD01229193	YES	GCF_055387825.1
SAMD01229192	YES	GCF_055388055.1
SAMD01229191	YES	GCF_055388585.1
SAMD01229190	YES	GCF_055388985.1
SAMD01229189	YES	GCF_055389375.1
SAMD01229188	YES	GCF_055389745.1
SAMD01229187	YES	GCF_055390165.1
SAMD01229186	YES	GCF_055390545.1
SAMD01229185	YES	GCF_055390885.1
SAMD01229184	YES	GCF_055391285.1
SAMD01229183	YES	GCF_055391665.1
SAMD01229182	YES	GCF_055392065.1
SAMD01229181	YES	GCF_055392285.1
SAMD01229180	YES	GCF_055392825.1
SAMD01229179	YES	GCF_055393435.1
SAMD01229178	YES	GCF_055393675.1
SAMD01229177	YES	GCF_055394085.1
SAMD01229176	YES	GCF_055394475.1
SAMD01229175	YES	GCF_055395135.1
SAMD01229174	YES	GCF_055395355.1
SAMD01229173	YES	GCF_055395735.1
SAMD01229172	YES	GCF_055395975.1
SAMD01229171	YES	GCF_055396595.1
SAMD01229170	YES	GCF_055396695.1
SAMN47326621	NO	
SAMN47326620	NO	
SAMN48881384	YES	GCF_051217005.1
SAMN47852671	YES	GCF_051068555.1
SAMN47852670	YES	GCF_051068575.1
SAMN47852669	YES	GCF_051068595.1
SAMN47852668	YES	GCF_051068615.1
SAMN47852667	YES	GCF_051068535.1
SAMN47852666	YES	GCF_051068635.1
SAMN47852665	YES	GCF_051068655.1
SAMN47852664	YES	GCF_051068695.1
SAMN47852663	YES	GCF_051068675.1
SAMN47852662	YES	GCF_051068715.1
SAMN47852661	YES	GCF_051068775.1
SAMN47852660	YES	GCF_051068755.1
SAMN47852659	YES	GCF_051068735.1
SAMN47852658	YES	GCF_051068795.1
SAMN47852657	YES	GCF_051068815.1
SAMN47852656	YES	GCF_051068835.1
SAMN47852655	YES	GCF_051068875.1
SAMN47852654	YES	GCF_051068855.1
SAMN47852653	YES	GCF_051068895.1
SAMN47852652	YES	GCF_051068915.1
SAMN47852651	YES	GCF_051068935.1
SAMN47852650	YES	GCF_051068955.1
SAMN47852649	YES	GCF_051068995.1
SAMD00889216	YES	GCF_055396965.1
SAMN45624672	NO	
SAMN45624671	NO	
SAMN45624670	NO	
SAMN45624669	NO	
SAMN45624668	NO	
SAMN45624667	NO	
SAMN45624666	NO	
SAMN45624665	NO	
SAMN45624664	NO	
SAMN45624663	NO	
SAMN45624662	NO	
SAMN45624661	NO	
SAMN45624660	NO	
SAMN45624659	NO	
SAMN45624658	NO	
SAMN45624657	NO	
SAMN45624656	NO	
SAMN45624655	NO	
SAMN45624654	NO	
SAMN45624653	NO	
SAMN45624652	NO	
SAMN45624651	NO	
SAMN45624650	NO	
SAMN45624649	NO	
SAMN45624648	NO	
SAMN45624647	NO	
SAMN45624646	NO	
SAMN45624645	NO	
SAMN45624644	NO	
SAMN45624643	NO	
SAMN45624642	NO	
SAMN45624641	NO	
SAMN45624640	NO	
SAMN45624639	NO	
SAMN45624638	NO	
SAMN45624637	NO	
SAMN45624636	NO	
SAMN45624635	NO	
SAMN45624634	NO	
SAMN45624633	NO	
SAMN45624632	NO	
SAMN45624631	NO	
SAMN45624630	NO	
SAMN45624629	NO	
SAMN45624628	NO	
SAMN45624627	NO	
SAMN45624626	NO	
SAMN45624625	NO	
SAMN45624624	NO	
SAMN45624623	NO	
SAMN45624622	NO	
SAMN45624621	NO	
SAMN45624620	NO	
SAMN45624619	NO	
SAMN45624618	NO	
SAMN45624617	NO	
SAMN45624616	NO	
SAMN45624615	NO	
SAMN45624614	NO	
SAMN45624613	NO	
SAMN45624612	NO	
SAMN45624611	NO	
SAMN45624610	NO	
SAMN45624609	NO	
SAMN45624608	NO	
SAMN45624607	NO	
SAMN45624606	NO	
SAMN45624605	NO	
SAMN45624604	NO	
SAMN45624603	NO	
SAMN45624602	NO	
SAMN45624601	NO	
SAMN45624600	NO	
SAMN45624599	NO	
SAMN45624598	NO	
SAMN45624597	NO	
SAMN45624596	NO	
SAMN45624595	NO	
SAMN45624594	NO	
SAMN45624593	NO	
SAMN45624592	NO	
SAMN45624591	NO	
SAMN45624590	NO	
SAMN45624589	NO	
SAMN45624588	NO	
SAMN45624587	NO	
SAMN45624586	NO	
SAMN45624585	NO	
SAMN45624584	NO	
SAMN45624583	NO	
SAMN45624582	NO	
SAMN45624581	NO	
SAMN45624580	NO	
SAMN45624579	NO	
SAMN45624578	NO	
SAMN45624577	NO	
SAMN45624576	NO	
SAMN45624575	NO	
SAMN45624574	NO	
SAMN45624573	NO	
SAMN45624572	NO	
SAMN45624571	NO	
SAMN45624570	NO	
SAMN45624569	NO	
SAMN45624568	NO	
SAMN45624567	NO	
SAMN45624566	NO	
SAMN45624565	NO	
SAMN45624564	NO	
SAMN45624563	NO	
SAMN45624562	NO	
SAMN45624561	NO	
SAMN45624560	NO	
SAMN45624559	NO	
SAMN45624558	NO	
SAMN45624557	NO	
SAMN45624556	NO	
SAMN45624555	NO	
SAMN45624554	NO	
SAMN45624553	NO	
SAMN45624552	NO	
SAMN45624551	NO	
SAMN45624550	NO	
SAMN45624549	NO	
SAMN45624548	NO	
SAMN45624547	NO	
SAMN45624546	NO	
SAMN45624545	NO	
SAMN45624544	NO	
SAMN45624543	NO	
SAMN45624542	NO	
SAMN45624541	NO	
SAMN45624540	NO	
SAMN45624539	NO	
SAMN45624538	NO	
SAMN45624537	NO	
SAMN45624536	NO	
SAMN45624535	NO	
SAMN45624534	NO	
SAMN45624533	NO	
SAMN45624532	NO	
SAMN45624531	NO	
SAMN45624530	NO	
SAMN45624529	NO	
SAMN45624528	NO	
SAMN45624527	NO	
SAMN45624526	NO	
SAMN45624525	NO	
SAMN45624524	NO	
SAMN45624523	NO	
SAMN45624522	NO	
SAMN45624521	NO	
SAMN45624520	NO	
SAMN45624519	NO	
SAMN45624518	NO	
SAMN45624517	NO	
SAMN45624516	NO	
SAMN45624515	NO	
SAMN45624514	NO	
SAMN45624513	NO	
SAMN45624512	NO	
SAMN45624511	NO	
SAMN45624510	NO	
SAMN45624509	NO	
SAMN45624508	NO	
SAMN45624507	NO	
SAMN45624506	NO	
SAMN45624505	NO	
SAMN45624504	NO	
SAMN45624503	NO	
SAMN45624502	NO	
SAMN45624501	NO	
SAMN45624500	NO	
SAMN45624499	NO	
SAMN45624498	NO	
SAMN45624497	NO	
SAMN45624496	NO	
SAMN45624495	NO	
SAMN45624494	NO	
SAMN45624493	NO	
SAMN45624492	NO	
SAMN45624491	NO	
SAMN45624490	NO	
SAMN45624489	NO	
SAMN45624488	NO	
SAMN45624487	NO	
SAMN45624486	NO	
SAMN45624485	NO	
SAMN45624484	NO	
SAMN45624483	NO	
SAMN45624482	NO	
SAMN45624481	NO	
SAMN45624480	NO	
SAMN45624479	NO	
SAMN45624478	NO	
SAMN45624477	NO	
SAMN45624476	NO	
SAMN45624475	NO	
SAMN45624474	NO	
SAMN45624473	NO	
SAMN45624472	NO	
SAMN45624471	NO	
SAMN45624470	NO	
SAMN45624469	NO	
SAMN45624468	NO	
SAMN45624467	NO	
SAMN45624466	NO	
SAMN45624465	NO	
SAMN45624464	NO	
SAMN45624463	NO	
SAMN45624462	NO	
SAMN45624461	NO	
SAMN45624460	NO	
SAMN45624459	NO	
SAMN45624458	NO	
SAMN45624457	NO	
SAMN45624456	NO	
SAMN45624455	NO	
SAMN45624454	NO	
SAMN45624453	NO	
SAMN45624452	NO	
SAMN45624451	NO	
SAMN45624450	NO	
SAMN45624449	NO	
SAMN45624448	NO	
SAMN45624447	NO	
SAMN45624446	NO	
SAMN45624445	NO	
SAMN45624444	NO	
SAMN45624443	NO	
SAMN45624442	NO	
SAMN45624441	NO	
SAMN45624440	NO	
SAMN45624439	NO	
SAMN45624438	NO	
SAMN45624437	NO	
SAMN45624436	NO	
SAMN45624435	NO	
SAMN45624434	NO	
SAMN45624433	NO	
SAMN45624432	NO	
SAMN45624431	NO	
SAMN45624430	NO	
SAMN45624429	NO	
SAMN45624428	NO	
SAMN45624427	NO	
SAMN45624426	NO	
SAMN45624425	NO	
SAMN45624424	NO	
SAMN45624423	NO	
SAMN45624422	NO	
SAMN45624421	NO	
SAMN45624420	NO	
SAMN45624419	NO	
SAMN45624418	NO	
SAMN45624417	NO	
SAMN45624416	NO	
SAMN45624415	NO	
SAMN45624414	NO	
SAMN45624413	NO	
SAMN45624412	NO	
SAMN45624411	NO	
SAMN45624410	NO	
SAMN45624409	NO	
SAMN45624408	NO	
SAMN45624407	NO	
SAMN45624406	NO	
SAMN45624405	NO	
SAMN45624404	NO	
SAMN45624403	NO	
SAMN45624402	NO	
SAMN45624401	NO	
SAMN45624400	NO	
SAMN45624399	NO	
SAMN45624398	NO	
SAMN45624397	NO	
SAMN45624396	NO	
SAMN45624395	NO	
SAMN45624394	NO	
SAMN45624393	NO	
SAMN45624392	NO	
SAMN45624391	NO	
SAMN45624390	NO	
SAMN45624389	NO	
SAMN45624388	NO	
SAMN45624387	NO	
SAMN45624386	NO	
SAMN45624385	NO	
SAMN45624384	NO	
SAMN45624383	NO	
SAMN45624382	NO	
SAMN45624381	NO	
SAMN45624380	NO	
SAMN45624379	NO	
SAMN45624378	NO	
SAMN45624377	NO	
SAMN45624376	NO	
SAMN45624375	NO	
SAMN45624374	NO	
SAMN45624373	NO	
SAMN45624372	NO	
SAMN45624371	NO	
SAMN45624370	NO	
SAMN45624369	NO	
SAMN45624368	NO	
SAMN45624367	NO	
SAMN45624366	NO	
SAMN45624365	NO	
SAMN45624364	NO	
SAMN45624363	NO	
SAMN45624362	NO	
SAMN45624361	NO	
SAMN45624360	NO	
SAMN45624359	NO	
SAMN45624358	NO	
SAMN45624357	NO	
SAMN45624356	NO	
SAMN45624355	NO	
SAMN45624354	NO	
SAMN45624353	NO	
SAMN45624352	NO	
SAMN45624351	NO	
SAMN45624350	NO	
SAMN45624349	NO	
SAMN45624348	NO	
SAMN45624347	NO	
SAMN45624346	NO	
SAMN45624345	NO	
SAMN45624344	NO	
SAMN45624343	NO	
SAMN45624342	NO	
SAMN45624341	NO	
SAMN45624340	NO	
SAMN45624339	NO	
SAMN45624338	NO	
SAMN45624337	NO	
SAMN45624336	NO	
SAMN45624335	NO	
SAMN45624334	NO	
SAMN45624333	NO	
SAMN45624332	NO	
SAMN45624331	NO	
SAMN45624330	NO	
SAMN45624329	NO	
SAMN45624328	NO	
SAMN45624327	NO	
SAMN45624326	NO	
SAMN45624325	NO	
SAMN45624324	NO	
SAMN45624323	NO	
SAMN45624322	NO	
SAMN45624321	NO	
SAMN45624320	NO	
SAMN45624319	NO	
SAMN45624318	NO	
SAMN45624317	NO	
SAMN45624316	NO	
SAMN45624315	NO	
SAMN45624314	NO	
SAMN45624313	NO	
SAMN45624312	NO	
SAMN45624311	NO	
SAMN45624310	NO	
SAMN45624309	NO	
SAMN45624308	NO	
SAMN45624307	NO	
SAMN45624306	NO	
SAMN45624305	NO	
SAMN45624304	NO	
SAMN45624303	NO	
SAMN45624302	NO	
SAMN45624301	NO	
SAMN45624300	NO	
SAMN45624299	NO	
SAMN45624298	NO	
SAMN45624297	NO	
SAMN45624296	NO	
SAMN45624295	NO	
SAMN45624294	NO	
SAMN45624293	NO	
SAMN45624292	NO	
SAMN45624291	NO	
SAMN45624290	NO	
SAMN45624289	NO	
SAMN45624288	NO	
SAMN45624287	NO	
SAMN45624286	NO	
SAMN45624285	NO	
SAMN45624284	NO	
SAMN45624283	NO	
SAMN45624282	NO	
SAMN45624281	NO	
SAMN45624280	NO	
SAMN45624279	NO	
SAMN45624278	NO	
SAMN45624277	NO	
SAMN45624276	NO	
SAMN45624275	NO	
SAMN45624274	NO	
SAMN45624273	NO	
SAMN45624272	NO	
SAMN45624271	NO	
SAMN45624270	NO	
SAMN45624269	NO	
SAMN45624268	NO	
SAMN45624267	NO	
SAMN45624266	NO	
SAMN45624265	NO	
SAMN45624264	NO	
SAMN45624263	NO	
SAMN45624262	NO	
SAMN45624261	NO	
SAMN45624260	NO	
SAMN45624259	NO	
SAMN45624258	NO	
SAMN45624257	NO	
SAMN45624256	NO	
SAMN45624255	NO	
SAMN45624254	NO	
SAMN45624253	NO	
SAMN45624252	NO	
SAMN45624251	NO	
SAMN45624250	NO	
SAMN45624249	NO	
SAMN45624248	NO	
SAMN45624247	NO	
SAMN45624246	NO	
SAMN45624245	NO	
SAMN45624244	NO	
SAMN45624243	NO	
SAMN45624242	NO	
SAMN45624241	NO	
SAMN45624240	NO	
SAMN45624239	NO	
SAMN45624238	NO	
SAMN45624237	NO	
SAMN45624236	NO	
SAMN45624235	NO	
SAMN45624234	NO	
SAMN45624233	NO	
SAMN45624232	NO	
SAMN45624231	NO	
SAMN45624230	NO	
SAMN45624229	NO	
SAMN45624228	NO	
SAMN45624227	NO	
SAMN45624226	NO	
SAMN45624225	NO	
SAMN45624224	NO	
SAMN45624223	NO	
SAMN45624222	NO	
SAMN45624221	NO	
SAMN45624220	NO	
SAMN45624219	NO	
SAMN45624218	NO	
SAMN45624217	NO	
SAMN45624216	NO	
SAMN45624215	NO	
SAMN45624214	NO	
SAMN45624213	NO	
SAMN45624212	NO	
SAMN45624211	NO	
SAMN45624210	NO	
SAMN45624209	NO	
SAMN45624208	NO	
SAMN45624207	NO	
SAMN45624206	NO	
SAMN45624205	NO	
SAMN45624204	NO	
SAMN45624203	NO	
SAMN45624202	NO	
SAMN45624201	NO	
SAMN45624200	NO	
SAMN45624199	NO	
SAMN45624198	NO	
SAMN45624197	NO	
SAMN45624196	NO	
SAMN45624195	NO	
SAMN45624194	NO	
SAMN45624193	NO	
SAMN48144332	YES	GCF_050471305.1
SAMN48144321	YES	GCF_050471325.1
SAMN40924463	NO	
SAMN40924380	NO	
SAMN48210616	YES	GCF_050171415.1
SAMN48210615	YES	GCF_050171465.1
SAMN48210614	YES	GCF_050171515.1
SAMN41397082	YES	GCF_050470505.1
SAMN48191345	YES	GCF_050113975.1
SAMN48075520	YES	GCF_049944985.1
SAMN48144474	YES	GCF_050109355.1
SAMN48144473	YES	GCF_050109375.1
SAMN48144472	YES	GCF_050109395.1
SAMN48144471	YES	GCF_050109415.1
SAMN48144470	YES	GCF_050109435.1
SAMN48144469	YES	GCF_050109455.1
SAMN48144468	YES	GCF_050109475.1
SAMN48144467	YES	GCF_050109495.1
SAMN48144466	YES	GCF_050378955.1
SAMN48144465	YES	GCF_050109515.1
SAMN48144464	YES	GCF_050109535.1
SAMN48144463	YES	GCF_050109555.1
SAMN48144462	YES	GCF_050109575.1
SAMN48144461	YES	GCF_050109595.1
SAMN48144460	YES	GCF_050109615.1
SAMN48144459	YES	GCF_050109635.1
SAMN48144458	YES	GCF_050109655.1
SAMN48144457	YES	GCF_050378975.1
SAMN48144456	YES	GCF_050109675.1
SAMN48144455	YES	GCF_050109695.1
SAMN48144454	YES	GCF_050109715.1
SAMN48144453	YES	GCF_050109735.1
SAMN48144452	YES	GCF_050109755.1
SAMN48144451	YES	GCF_050109775.1
SAMN48144450	YES	GCF_050109795.1
SAMN48144449	YES	GCF_050109815.1
SAMN48144448	YES	GCF_050109835.1
SAMN48144447	YES	GCF_050378995.1
SAMN48144446	YES	GCF_050109855.1
SAMN48144445	YES	GCF_050109875.1
SAMN48144390	YES	GCF_050106735.1
SAMN48144389	YES	GCF_050106755.1
SAMN48144388	YES	GCF_050378795.1
SAMN48144387	YES	GCF_050106775.1
SAMN48144386	YES	GCF_050378815.1
SAMN48144385	YES	GCF_050106795.1
SAMN48144384	YES	GCF_050106815.1
SAMN48144383	YES	GCF_050106835.1
SAMN48144382	YES	GCF_050378835.1
SAMN48144381	YES	GCF_050106855.1
SAMN48144380	YES	GCF_050106875.1
SAMN48144379	YES	GCF_050106895.1
SAMN48144378	YES	GCF_050108235.1
SAMN48144377	YES	GCF_050106915.1
SAMN48144376	YES	GCF_050106935.1
SAMN48144375	YES	GCF_050106955.1
SAMN48144374	YES	GCF_050108215.1
SAMN48144373	YES	GCF_050108255.1
SAMN48144372	YES	GCF_050108275.1
SAMN48144371	YES	GCF_050106975.1
SAMN48144370	YES	GCF_050108295.1
SAMN48144369	YES	GCF_050108315.1
SAMN48144368	YES	GCF_050108335.1
SAMN48144367	YES	GCF_050108355.1
SAMN48144366	YES	GCF_050108375.1
SAMN48144365	YES	GCF_050108395.1
SAMN48144364	YES	GCF_050108435.1
SAMN48144363	YES	GCF_050108415.1
SAMN48144362	YES	GCF_050108455.1
SAMN48144361	YES	GCF_050108475.1
SAMN48144360	YES	GCF_050108495.1
SAMN48144359	YES	GCF_050108515.1
SAMN48144358	YES	GCF_050108535.1
SAMN48144357	YES	GCF_050108555.1
SAMN48144356	YES	GCF_050108575.1
SAMN48144355	YES	GCF_050378855.1
SAMN48144354	YES	GCF_050108595.1
SAMN48144353	YES	GCF_050108615.1
SAMN48144352	YES	GCF_050108635.1
SAMN48144351	YES	GCF_050108655.1
SAMN48144350	YES	GCF_050108675.1
SAMN48144349	YES	GCF_050108715.1
SAMN48144348	YES	GCF_050108695.1
SAMN48144347	YES	GCF_050108735.1
SAMN48144346	YES	GCF_050108755.1
SAMN48144345	YES	GCF_050108775.1
SAMN48144344	YES	GCF_050378875.1
SAMN48144343	YES	GCF_050108795.1
SAMN48144342	YES	GCF_050108815.1
SAMN48144341	YES	GCF_050108835.1
SAMN48144340	YES	GCF_050108855.1
SAMN48144339	YES	GCF_050108875.1
SAMN48144338	YES	GCF_050378895.1
SAMN48144337	YES	GCF_050108895.1
SAMN48144336	YES	GCF_050108915.1
SAMN48144335	YES	GCF_050108935.1
SAMN48144334	YES	GCF_050108955.1
SAMN48144333	YES	GCF_050108975.1
SAMN48144331	YES	GCF_050108995.1
SAMN48144330	YES	GCF_050109015.1
SAMN48144329	YES	GCF_050109035.1
SAMN48144328	YES	GCF_050109055.1
SAMN48144327	YES	GCF_050109075.1
SAMN48144326	YES	GCF_050109095.1
SAMN48144325	YES	GCF_050109115.1
SAMN48144324	YES	GCF_050109135.1
SAMN48144323	YES	GCF_050109155.1
SAMN48144322	YES	GCF_050378915.1
SAMN48144320	YES	GCF_050109175.1
SAMN48144319	YES	GCF_050109195.1
SAMN48144318	YES	GCF_050109215.1
SAMN48144317	YES	GCF_050109235.1
SAMN48144316	YES	GCF_050378935.1
SAMN48144315	YES	GCF_050109255.1
SAMN48144314	YES	GCF_050109275.1
SAMN48144313	YES	GCF_050109295.1
SAMN48144312	YES	GCF_050109315.1
SAMN48144311	YES	GCF_050109335.1
SAMN48085514	YES	GCF_051136945.1
SAMN48085513	YES	GCF_050516395.1
SAMN48085511	YES	GCF_050516415.1
SAMN48085510	YES	GCF_050516425.1
SAMN48085509	YES	GCF_050516435.1
SAMN48085508	YES	GCF_050516445.1
SAMN48085507	YES	GCF_050633925.1
SAMN48085506	YES	GCF_050633945.1
SAMN48085505	YES	GCF_050633965.1
SAMN48085504	YES	GCF_050516455.1
SAMN47993903	YES	GCF_049860725.1
SAMN47993902	YES	GCF_049860735.1
SAMN48085512	YES	GCF_050516405.1
SAMN43303036	YES	GCF_041714695.1
SAMN43303035	YES	GCF_041714685.1
SAMN43303034	YES	GCF_041714715.1
SAMN43303033	YES	GCF_041714725.1
SAMN43303032	YES	GCF_041714705.1
SAMN41264335	YES	GCF_039692545.1
SAMN41264334	YES	GCF_039693335.1
SAMN47621267	YES	GCF_049803955.1
SAMN47621266	YES	GCF_049803945.1
SAMN47621265	YES	GCF_049803935.1
SAMN47857644	YES	GCF_049985315.1
SAMN47071780	YES	GCF_049726425.1
SAMN44366232	YES	GCF_048164835.1
SAMN38366948	YES	GCF_049887375.1
SAMN38366947	YES	GCF_049887435.1
SAMN38366946	YES	GCF_049887455.1
SAMN38366945	YES	GCF_049887475.1
SAMN38366944	YES	GCF_049887495.1
SAMN38366943	YES	GCF_049887515.1
SAMN38366942	YES	GCF_049887525.1
SAMN38366941	YES	GCF_049887555.1
SAMN38366940	YES	GCF_049887585.1
SAMN38366939	YES	GCF_049887575.1
SAMN38366938	YES	GCF_049887615.1
SAMN38366937	YES	GCF_049887655.1
SAMN38366936	YES	GCF_049887635.1
SAMN38366935	YES	GCF_049887675.1
SAMN38366934	YES	GCF_049887715.1
SAMN38366933	YES	GCF_049887695.1
SAMD00151930	NO	
SAMN47071782	YES	GCF_049726275.1
SAMN47071781	YES	GCF_049726345.1
SAMN47071779	YES	GCF_049726405.1
SAMN47071778	YES	GCF_049726445.1
SAMN47071777	YES	GCF_049726545.1
SAMN47071776	YES	GCF_049726525.1
SAMN46988022	YES	GCF_048285355.1
SAMN46988021	YES	GCF_048285255.1
SAMN46988020	YES	GCF_048285375.1
SAMN46988019	YES	GCF_048285395.1
SAMN46988018	YES	GCF_048285485.1
SAMN46988017	YES	GCF_048285815.1
SAMN46988016	YES	GCF_048285155.1
SAMN46988015	YES	GCF_048285845.1
SAMN46988014	YES	GCF_048285185.1
SAMN46988013	YES	GCF_048284485.1
SAMN46988012	YES	GCF_048285285.1
SAMN46988011	YES	GCF_048286335.1
SAMN46988010	YES	GCF_048284545.1
SAMN46988009	YES	GCF_048285265.1
SAMN46988008	YES	GCF_048284535.1
SAMN46988007	YES	GCF_048284555.1
SAMN46988006	YES	GCF_048285495.1
SAMN46988005	YES	GCF_048285235.1
SAMN46988004	YES	GCF_048285505.1
SAMN46988003	YES	GCF_048286355.1
SAMN46988002	YES	GCF_048285475.1
SAMN46988001	YES	GCF_048285315.1
SAMN46988000	YES	GCF_048285195.1
SAMN46987999	YES	GCF_048284565.1
SAMN46987998	YES	GCF_048285775.1
SAMN46987997	YES	GCF_048285385.1
SAMN46987996	YES	GCF_048285365.1
SAMN46987995	YES	GCF_048285795.1
SAMN46987994	YES	GCF_048285175.1
SAMN46987993	YES	GCF_048285735.1
SAMN46987992	YES	GCF_048285755.1
SAMN46987991	YES	GCF_048286435.1
SAMN46987990	YES	GCF_048286375.1
SAMN46987989	YES	GCF_048286315.1
SAMN46987988	YES	GCF_048285075.1
SAMN46987987	YES	GCF_048284515.1
SAMN46987986	YES	GCF_048285135.1
SAMN46987985	YES	GCF_048285555.1
SAMN46987984	YES	GCF_048285455.1
SAMN46987983	YES	GCF_048285085.1
SAMN46987982	YES	GCF_048287275.1
SAMN46987981	YES	GCF_048287335.1
SAMN46987980	YES	GCF_048287235.1
SAMN46987979	YES	GCF_048287155.1
SAMN46987978	YES	GCF_048287295.1
SAMN46987977	YES	GCF_048287315.1
SAMN46987976	YES	GCF_048287195.1
SAMN46987975	YES	GCF_048287175.1
SAMN46987974	YES	GCF_048287255.1
SAMN46987973	YES	GCF_048287215.1
SAMD00771129	NO	
SAMD00771128	NO	
SAMD00771127	NO	
SAMD00771126	NO	
SAMD00771125	NO	
SAMD00771124	NO	
SAMD00771123	NO	
SAMD00771122	NO	
SAMD00771121	NO	
SAMD00631891	NO	
SAMD00631800	NO	
SAMD00631799	NO	
SAMD00631798	NO	
SAMD00631797	NO	
SAMD00631796	NO	
SAMD00631795	NO	
SAMD00631794	NO	
SAMD00631793	NO	
SAMD00631792	NO	
SAMD00631791	NO	
SAMD00631790	NO	
SAMD00631789	NO	
SAMD00631787	NO	
SAMD00631786	NO	
SAMD00631785	NO	
SAMD00632105	NO	
SAMD00655193	NO	
SAMD00655192	NO	
SAMD00655191	NO	
SAMD00655190	NO	
SAMD00655189	NO	
SAMD00655188	NO	
SAMD00655187	NO	
SAMD00655186	NO	
SAMD00655185	NO	
SAMD00655184	NO	
SAMD00655183	NO	
SAMD00655182	NO	
SAMD00655181	NO	
SAMD00655180	NO	
SAMD00655179	NO	
SAMD00655178	NO	
SAMD00655177	NO	
SAMD00655176	NO	
SAMN39641963	NO	
SAMN39641962	NO	
SAMN39641961	NO	
SAMN44631176	YES	GCF_047204895.1
SAMN31865980	YES	GCF_046529245.1
SAMN17709918	NO	
SAMN17709917	NO	
SAMN17709916	NO	
SAMN17709915	NO	
SAMN17709914	NO	
SAMN17709913	NO	
SAMN17709912	NO	
SAMN17709911	NO	
SAMN17709910	NO	
SAMN17709909	NO	
SAMN17709908	NO	
SAMN17709907	NO	
SAMN38450761	YES	GCF_050916425.1
SAMN41686172	NO	
SAMN41686171	NO	
SAMN44628693	YES	GCA_049533495.1
SAMN44628692	YES	GCA_049533475.1
SAMN44628691	YES	GCA_049533515.1
SAMN44628690	YES	GCA_049533535.1
SAMN44628689	YES	GCA_049533555.1
SAMN44628688	YES	GCA_049533575.1
SAMN44628687	YES	GCA_049533605.1
SAMN44628686	YES	GCA_049533595.1
SAMN44628685	YES	GCA_049533635.1
SAMN44628684	YES	GCA_049535135.1
SAMN44628683	YES	GCA_049535165.1
SAMN44628682	YES	GCA_049535195.1
SAMN44628681	YES	GCA_049535215.1
SAMN44628680	YES	GCA_049535235.1
SAMN44628679	YES	GCA_049535255.1
SAMN44628678	YES	GCA_049535275.1
SAMN44628677	YES	GCA_049535295.1
SAMN44628676	YES	GCA_049535315.1
SAMN44628675	YES	GCA_049535335.1
SAMN44628674	YES	GCA_049535355.1
SAMN44628673	YES	GCA_049535375.1
SAMN44628672	YES	GCA_049535395.1
SAMN44628671	YES	GCA_049535415.1
SAMN44628670	YES	GCA_049535435.1
SAMN44628669	YES	GCA_049535455.1
SAMN44628668	YES	GCA_049535495.1
SAMN44628667	YES	GCA_049535475.1
SAMN44628666	YES	GCA_049535515.1
SAMN44628665	YES	GCA_049535555.1
SAMN44628664	YES	GCA_049535535.1
SAMN44628663	YES	GCA_049535575.1
SAMN44628662	YES	GCA_049535595.1
SAMN44628661	YES	GCA_049535615.1
SAMN44628660	YES	GCA_049535655.1
SAMN44628659	YES	GCA_049535635.1
SAMN44628658	YES	GCA_049535675.1
SAMN44628657	YES	GCA_049535695.1
SAMN44628656	YES	GCA_049535715.1
SAMN44628655	YES	GCA_049535735.1
SAMN44628654	YES	GCA_049535755.1
SAMN44628653	YES	GCA_049535775.1
SAMN44628652	YES	GCA_049535795.1
SAMN44628651	YES	GCA_049535855.1
SAMN44628650	YES	GCA_049535835.1
SAMN44628649	YES	GCA_049535815.1
SAMN44628648	YES	GCA_049535895.1
SAMN44628647	YES	GCA_049535875.1
SAMN44628646	YES	GCA_049535915.1
SAMN44628645	YES	GCA_049535955.1
SAMN44628644	YES	GCA_049535935.1
SAMN44628643	YES	GCA_049535975.1
SAMN44628642	YES	GCA_049535995.1
SAMN44628641	YES	GCA_049536015.1
SAMN44628640	YES	GCA_049536035.1
SAMN44628639	YES	GCA_049536055.1
SAMN44628638	YES	GCA_049536075.1
SAMN44628637	YES	GCA_049536095.1
SAMN44628636	YES	GCA_049536115.1
SAMN44628635	YES	GCA_049536135.1
SAMN44628634	YES	GCA_049536155.1
SAMN44628633	YES	GCA_049536175.1
SAMN44628632	YES	GCA_049536195.1
SAMN44628631	YES	GCA_049536235.1
SAMN44628630	YES	GCA_049536215.1
SAMN44628629	YES	GCA_049536255.1
SAMN44628628	YES	GCA_049536275.1
SAMN44628627	YES	GCA_049536295.1
SAMN44628626	YES	GCA_049536315.1
SAMN44628625	YES	GCA_049536335.1
SAMN44628624	YES	GCA_049536355.1
SAMN44628623	YES	GCA_049536375.1
SAMN44628622	YES	GCA_049536395.1
SAMN44628621	YES	GCA_049536415.1
SAMN44628620	YES	GCA_049536435.1
SAMN44628619	YES	GCA_049536455.1
SAMN44628618	YES	GCA_049536475.1
SAMN44628617	YES	GCA_049536495.1
SAMN44628616	YES	GCA_049536515.1
SAMN44628615	YES	GCA_049536535.1
SAMN44628614	YES	GCA_049536555.1
SAMN44628613	YES	GCA_049536575.1
SAMN44628612	YES	GCA_049536595.1
SAMN44628611	YES	GCA_049536615.1
SAMN44628610	YES	GCA_049536635.1
SAMN44628609	YES	GCA_049536655.1
SAMN44628608	YES	GCA_049536675.1
SAMN44628607	YES	GCA_049536695.1
SAMN44628606	YES	GCA_049536715.1
SAMN44628605	YES	GCA_049536735.1
SAMN44628604	YES	GCA_049536755.1
SAMN44628603	YES	GCA_049536775.1
SAMN44628602	YES	GCA_049536795.1
SAMN44628601	YES	GCA_049536815.1
SAMN44628600	YES	GCA_049536835.1
SAMN44628599	YES	GCA_049536875.1
SAMN44628598	YES	GCA_049536895.1
SAMN44628597	YES	GCA_049536855.1
SAMN44628596	YES	GCA_049536935.1
SAMN44628595	YES	GCA_049536915.1
SAMN44628594	YES	GCA_049536955.1
SAMN44628593	YES	GCA_049536995.1
SAMN44628592	YES	GCA_049536975.1
SAMN44628591	YES	GCA_049537015.1
SAMN44628590	YES	GCA_049537055.1
SAMN44628589	YES	GCA_049537035.1
SAMN44628588	YES	GCA_049537075.1
SAMN44414988	YES	GCA_044788395.1
SAMN02585053	YES	GCF_000525615.2
SAMN43269453	YES	GCF_045038055.1
SAMN43269452	YES	GCF_045038065.1
SAMN43269451	YES	GCF_045038075.1
SAMN43269450	YES	GCF_045038085.1
SAMN43269449	YES	GCF_045038115.1
SAMN43269448	YES	GCF_045038135.1
SAMN43269447	YES	GCF_045038125.1
SAMN43269446	YES	GCF_045038165.1
SAMN37256216	NO	
SAMN37256215	NO	
SAMN37256214	NO	
SAMN37256213	NO	
SAMN37256212	NO	
SAMN37256211	NO	
SAMN37256210	NO	
SAMN31516922	NO	
SAMN25248512	NO	
SAMN25248511	NO	
SAMN25248510	NO	
SAMN25248509	NO	
SAMN25248508	NO	
SAMN25248507	NO	
SAMN25248506	NO	
SAMN25248505	NO	
SAMN25248504	NO	
SAMN37261781	YES	GCF_049485675.1
SAMN42040288	NO	
SAMN42040287	NO	
SAMN42040286	NO	
SAMN42040285	NO	
SAMN42040284	NO	
SAMN42040283	NO	
SAMN21619796	NO	
SAMN16539843	NO	
SAMN16539842	NO	
SAMN16539841	NO	
SAMN16539840	NO	
SAMN16539839	NO	
SAMN16539838	NO	
SAMN16539837	NO	
SAMN16539836	NO	
SAMN16539835	NO	
SAMN16539834	NO	
SAMN16539833	NO	
SAMN16539832	NO	
SAMN16539831	NO	
SAMN16539830	NO	
SAMN16539829	NO	
SAMN16539828	NO	
SAMN16539827	NO	
SAMN16539826	NO	
SAMN16539825	NO	
SAMN16539824	NO	
SAMN16539823	NO	
SAMN16539822	NO	
SAMN16539821	NO	
SAMN16539820	NO	
SAMN15733756	NO	
SAMN15722388	NO	
SAMN15722387	NO	
SAMN15722386	NO	
SAMN15722385	NO	
SAMN15722384	NO	
SAMN15722383	NO	
SAMN15722382	NO	
SAMN15722381	NO	
SAMN15722380	NO	
SAMN15722379	NO	
SAMN14754768	NO	
SAMN14754767	NO	
SAMN14754766	NO	
SAMN13932574	NO	
SAMN13932573	NO	
SAMN06812726	NO	
SAMN06812725	NO	
SAMN06812724	NO	
SAMN06812723	NO	
SAMN06812722	NO	
SAMN06812721	NO	
SAMN22170846	YES	GCF_026016645.1
SAMN22170845	YES	GCF_026016625.1
SAMN21906701	YES	GCF_026016725.1
SAMN21906700	YES	GCF_026016745.1
SAMN21906699	YES	GCF_026016705.1
SAMN42783711	NO	
SAMN42783710	NO	
SAMN42783709	NO	
SAMN42783708	NO	
SAMN42783707	NO	
SAMN42783706	NO	
SAMEA536478	NO	
SAMEA536634	NO	
SAMEA536600	NO	
SAMEA536590	NO	
SAMEA536566	NO	
SAMEA536469	NO	
SAMEA536458	NO	
SAMEA536623	NO	
SAMEA536612	NO	
SAMEA536578	NO	
SAMEA1298516	NO	
SAMEA1298553	NO	
SAMEA1298579	NO	
SAMEA301007	NO	
SAMEA301039	NO	
SAMEA247322	NO	
SAMEA768136	NO	
SAMEA4126803	NO	
SAMEA4233502	NO	
SAMEA4233394	NO	
SAMEA4233519	NO	
SAMEA4134840	NO	
SAMEA4134838	NO	
SAMEA4153195	NO	
SAMEA4153194	NO	
SAMEA4153192	NO	
SAMEA4153191	NO	
SAMEA4153181	NO	
SAMEA4153184	NO	
SAMEA4153199	NO	
SAMEA4153200	NO	
SAMEA4153189	NO	
SAMEA4153196	NO	
SAMEA4156347	NO	
SAMEA3138192	YES	GCF_000009125.1
SAMN22612370	YES	GCF_023075255.1
SAMN07142317	NO	
SAMN43407545	YES	GCF_042494895.1
SAMN43282463	YES	GCA_042684045.1
SAMN43282365	YES	GCF_042685665.1
SAMN43282212	YES	GCF_042647065.1
SAMN43282129	YES	GCF_042648205.1
SAMN43281666	YES	GCF_042432065.1
SAMN43281545	YES	GCF_042434295.1
SAMN40440920	YES	GCF_040537435.1
SAMN40440919	YES	GCF_040537475.1
SAMN40440918	YES	GCF_040537455.1
SAMN40440917	YES	GCF_040537555.1
SAMN40440916	YES	GCF_040537485.1
SAMN40440915	YES	GCF_040537495.1
SAMN40440914	YES	GCF_040537535.1
SAMN40440913	YES	GCF_040537595.1
SAMN40440912	YES	GCF_040537585.1
SAMN40440911	YES	GCF_040537575.1
SAMN40440910	YES	GCF_040537645.1
SAMN40440909	YES	GCF_040537635.1
SAMN40440908	YES	GCF_040537655.1
SAMN40440907	YES	GCF_040537705.1
SAMN40440906	YES	GCF_040537695.1
SAMN40440905	YES	GCF_040537775.1
SAMN40440904	YES	GCF_040537735.1
SAMN40440903	YES	GCF_040537745.1
SAMN40440902	YES	GCF_040537795.1
SAMN34223255	YES	GCF_041276365.1
SAMN36447502	YES	GCF_047120255.1
SAMN42899248	YES	GCF_041027265.1
SAMN42899247	YES	GCF_041027275.1
SAMN42716486	YES	GCF_041023715.1
SAMN38879770	NO	
SAMN41796063	YES	GCF_040183095.1
SAMD00586035	NO	
SAMD00586034	NO	
SAMD00586033	NO	
SAMD00586032	NO	
SAMD00586031	NO	
SAMD00586030	NO	
SAMD00586029	NO	
SAMD00586028	NO	
SAMD00586027	NO	
SAMD00586026	NO	
SAMD00586025	NO	
SAMN35628658	YES	GCF_041363935.1
SAMN35628657	YES	GCF_041363985.1
SAMD00575405	NO	
SAMD00575404	NO	
SAMD00575403	NO	
SAMD00575402	NO	
SAMD00575401	NO	
SAMD00575400	NO	
SAMD00575399	NO	
SAMD00575398	NO	
SAMD00575397	NO	
SAMN41665399	YES	GCF_040429625.1
SAMN41827897	NO	
SAMN41827896	NO	
SAMN41827895	NO	
SAMN41827894	NO	
SAMN41827893	NO	
SAMN41827892	NO	
SAMN41827891	NO	
SAMN41827890	NO	
SAMN41827889	NO	
SAMN41827888	NO	
SAMN41827887	NO	
SAMN41827886	NO	
SAMN41827885	NO	
SAMN41827884	NO	
SAMN41827883	NO	
SAMN41827882	NO	
SAMN41827881	NO	
SAMN41827880	NO	
SAMN36081925	YES	GCF_030518885.1
SAMN36081922	YES	GCF_030518845.1
SAMN36081921	YES	GCF_030518875.1
SAMN36081920	YES	GCF_030518955.1
SAMN36081919	YES	GCF_030518985.1
SAMN36081917	YES	GCF_030518995.1
SAMN36081916	YES	GCF_030518935.1
SAMN36081913	YES	GCF_030519065.1
SAMN36081912	YES	GCF_030519055.1
SAMN36081911	YES	GCF_030519075.1
SAMN36081910	YES	GCF_030519135.1
SAMN36081909	YES	GCF_030519165.1
SAMN36081908	YES	GCF_030519175.1
SAMN36081907	YES	GCF_030519155.1
SAMN36081906	YES	GCF_030519225.1
SAMN36081905	YES	GCF_030519215.1
SAMN36081904	YES	GCF_030519295.1
SAMN36081903	YES	GCF_030519275.1
SAMN36081902	YES	GCF_030519305.1
SAMN36081901	YES	GCF_030519255.1
SAMD00657126	YES	GCF_037101355.1
SAMD00657125	YES	GCF_037101345.1
SAMD00657124	YES	GCF_037101335.1
SAMD00657123	YES	GCF_037101325.1
SAMD00657122	YES	GCF_037101315.1
SAMD00256263	YES	GCF_015698385.1
SAMD00256262	YES	GCF_015698365.1
SAMD00256261	YES	GCF_015698345.1
SAMD00250062	YES	GCF_015098755.1
SAMD00250061	YES	GCF_015098595.1
SAMD00250060	YES	GCF_015098475.1
SAMD00250059	YES	GCF_015098255.1
SAMD00250058	YES	GCF_015098135.1
SAMD00250057	YES	GCF_015097935.1
SAMN41432730	NO	
SAMN41432729	NO	
SAMN41432728	NO	
SAMN41432727	NO	
SAMN41432726	NO	
SAMN41432725	NO	
SAMN41432724	NO	
SAMN41432723	NO	
SAMN41432722	NO	
SAMN41432721	NO	
SAMN41432720	NO	
SAMN41432719	NO	
SAMN41432718	NO	
SAMN41432717	NO	
SAMN41432716	NO	
SAMN41432715	NO	
SAMN41432714	NO	
SAMN41432713	NO	
SAMN41432712	NO	
SAMN41432711	NO	
SAMN41432710	NO	
SAMN41432709	NO	
SAMN16125522	YES	GCF_015910635.1
SAMN16125456	YES	GCF_015911935.1
SAMN16125450	YES	GCF_015912055.1
SAMN16125435	YES	GCF_015912335.1
SAMN14490832	YES	GCF_023130815.1
SAMN37824521	YES	GCA_039822365.1
SAMN37824520	YES	GCF_039822325.1
SAMN37824519	YES	GCF_039822305.1
SAMN37824517	NO	
SAMN37824516	YES	GCF_039822345.1
SAMN37824515	NO	
SAMN37824514	YES	GCF_039822385.1
SAMN37824510	YES	GCF_039822425.1
SAMN37824509	YES	GCA_039822445.1
SAMN37824507	YES	GCA_039822465.1
SAMN37824502	YES	GCF_039822405.1
SAMN37824501	YES	GCA_039822485.1
SAMN37824500	YES	GCA_039822505.1
SAMN37824499	YES	GCA_039822585.1
SAMN37824498	YES	GCA_039822525.1
SAMN37824496	NO	
SAMN37824495	YES	GCF_039822545.1
SAMN07187863	YES	GCF_003612975.2
SAMEA3595067	NO	
SAMEA3595066	NO	
SAMEA3595065	NO	
SAMEA3595064	NO	
SAMEA3595063	NO	
SAMEA3595059	NO	
SAMN16125519	YES	GCF_015910705.1
SAMN06697627	YES	GCF_002251695.1
SAMEA2272760	YES	GCF_000285815.1
SAMN40518025	YES	GCF_037938245.1
SAMN40702587	NO	
SAMN40702586	NO	
SAMN40702585	NO	
SAMN40702584	NO	
SAMN40702583	NO	
SAMN40702582	NO	
SAMN40702581	NO	
SAMN40702580	NO	
SAMN40702579	NO	
SAMN40702578	NO	
SAMN40702577	NO	
SAMN40702576	NO	
SAMN40702575	NO	
SAMN40702574	NO	
SAMN40702573	NO	
SAMN40702572	NO	
SAMN40702571	NO	
SAMN40702570	NO	
SAMN40702569	NO	
SAMN40702568	NO	
SAMN40702567	NO	
SAMN40702566	NO	
SAMN40702565	NO	
SAMN40702564	NO	
SAMN40702563	NO	
SAMN40518024	YES	GCF_037653205.1
SAMN40518023	YES	GCF_037652935.1
SAMN40518022	YES	GCF_037653095.1
SAMN40518021	YES	GCF_037653075.1
SAMN40518020	YES	GCF_037653155.1
SAMN40518019	YES	GCF_037652875.1
SAMN40518018	YES	GCF_037652855.1
SAMN40518017	YES	GCF_037653275.1
SAMN40518016	YES	GCF_037653435.1
SAMN40518015	YES	GCF_037653575.1
SAMN40518014	YES	GCF_037653495.1
SAMN40518013	YES	GCF_037653005.1
SAMN40518012	YES	GCF_037653195.1
SAMN40518011	YES	GCF_037653615.1
SAMN40518010	YES	GCF_037653535.1
SAMN40518009	YES	GCF_037653695.1
SAMN40518008	YES	GCF_037653355.1
SAMN40518007	YES	GCF_037653325.1
SAMN40518006	YES	GCF_037653395.1
SAMN40518005	YES	GCF_037653835.1
SAMN40518004	YES	GCF_037653775.1
SAMN40518003	YES	GCF_037653715.1
SAMN40518002	YES	GCF_037653735.1
SAMN40518001	YES	GCF_037892735.1
SAMN40518000	YES	GCF_037653055.1
SAMN39646430	YES	GCF_036628315.1
SAMN39646429	YES	GCF_036628335.1
SAMN39646428	YES	GCF_036628355.1
SAMN39646427	YES	GCF_036628415.1
SAMN39646426	YES	GCF_036628375.1
SAMN39646425	YES	GCF_036628435.1
SAMN39646424	YES	GCF_036628455.1
SAMN39646423	YES	GCF_036628395.1
SAMEA6864040	NO	
SAMEA6864039	NO	
SAMEA6864038	NO	
SAMEA6864037	NO	
SAMEA6864036	NO	
SAMEA6864035	NO	
SAMEA6864034	NO	
SAMEA6864033	NO	
SAMEA6864032	NO	
SAMEA6864031	NO	
SAMEA6864030	NO	
SAMEA6864029	NO	
SAMEA6864028	NO	
SAMEA6864027	NO	
SAMEA6864026	NO	
SAMEA6864025	NO	
SAMEA6864024	NO	
SAMEA6864023	NO	
SAMEA6864022	NO	
SAMEA6864021	NO	
SAMEA6864020	NO	
SAMEA6864019	NO	
SAMEA6864018	NO	
SAMEA6864017	NO	
SAMEA6864016	NO	
SAMEA6864015	NO	
SAMEA3595062	NO	
SAMEA3595061	NO	
SAMEA3595060	NO	
SAMN39822551	YES	GCF_036543205.1
SAMN39822550	YES	GCF_036553425.1
SAMN39714303	YES	GCA_037956285.1
SAMN07436295	YES	GCF_003595325.1
SAMN38159261	NO	
SAMN38159260	NO	
SAMN38159259	NO	
SAMN38159258	NO	
SAMN38159257	NO	
SAMN38159256	NO	
SAMN38159255	NO	
SAMN38159254	NO	
SAMN38159253	NO	
SAMN38159252	NO	
SAMN38159251	NO	
SAMN39213512	NO	
SAMN20605993	NO	
SAMN36773569	NO	
SAMN36773568	NO	
SAMN36773567	NO	
SAMN36773566	NO	
SAMN36773565	NO	
SAMN36773564	NO	
SAMN32399500	YES	GCA_039623675.1
SAMN32082345	YES	GCF_039623345.1
SAMD00657127	YES	GCF_037101365.1
SAMN37824522	NO	
SAMN37824518	NO	
SAMN37824513	NO	
SAMN37824512	NO	
SAMN37824511	NO	
SAMN37824508	NO	
SAMN37824506	NO	
SAMN37824505	NO	
SAMN37824504	NO	
SAMN37824503	NO	
SAMN37824497	NO	
SAMN28078154	YES	GCF_028728365.1
SAMN28078152	YES	GCF_028464715.1
SAMN28078148	YES	GCF_028464705.1
SAMN03765174	YES	GCF_001645725.1
SAMN38003945	NO	
SAMN38003944	NO	
SAMN38003943	NO	
SAMN38003942	NO	
SAMN38003941	NO	
SAMN38003940	NO	
SAMN38003939	NO	
SAMN38003938	NO	
SAMN38003937	NO	
SAMN38003936	NO	
SAMN13348489	YES	GCF_014884685.1
SAMN13348488	YES	GCF_014884705.1
SAMN13348487	YES	GCF_014884725.1
SAMN03256359	YES	GCF_001644865.1
SAMN37071251	NO	
SAMN36081924	YES	GCF_030518855.1
SAMN36081923	YES	GCF_030518835.1
SAMN36081918	YES	GCF_030518945.1
SAMN36081915	YES	GCF_030519035.1
SAMN36081914	YES	GCF_030519085.1
SAMN35301405	YES	GCF_030124305.1
SAMN35347197	YES	GCF_030406625.1
SAMN36189670	NO	
SAMN36189446	NO	
SAMN36189445	NO	
SAMN36189444	NO	
SAMN36189443	NO	
SAMN36189442	NO	
SAMN36189441	NO	
SAMN35347198	YES	GCF_030412035.1
SAMN20310806	NO	
SAMN20309791	NO	
SAMN05437153	YES	GCF_002220465.1
SAMN03837633	YES	GCF_001891105.1
SAMN34388416	NO	
SAMN34388415	NO	
SAMN34388414	NO	
SAMN34388413	NO	
SAMN34388412	NO	
SAMN34388411	NO	
SAMN12110792	NO	
SAMN02603298	YES	GCF_000348545.1
SAMN13518656	YES	GCF_018243235.1
SAMN33918401	NO	
SAMN33918400	NO	
SAMN33918399	NO	
SAMN33918398	NO	
SAMN33918397	NO	
SAMN33918396	NO	
SAMN33918395	NO	
SAMN33918394	NO	
SAMN33918393	NO	
SAMN32543036	YES	GCF_029219945.1
SAMN32543035	YES	GCF_029219965.1
SAMN32543034	YES	GCF_029219985.1
SAMN32543033	YES	GCF_029220005.1
SAMN32543032	YES	GCF_029220025.1
SAMN32543031	YES	GCF_029220045.1
SAMN32543030	YES	GCF_029220065.1
SAMN28078150	YES	GCF_028728295.1
SAMN29421919	NO	
SAMN28078151	YES	GCF_028464745.1
SAMN28078149	YES	GCF_028464665.1
SAMN28078147	YES	GCF_028464765.1
SAMN28078146	YES	GCF_028464775.1
SAMN28078145	YES	GCF_028464785.1
SAMN28078144	YES	GCF_028464835.1
SAMN28078143	YES	GCF_028464815.1
SAMN28078142	YES	GCF_028464865.1
SAMN28078141	YES	GCF_028464965.1
SAMN24674463	NO	
SAMN24674462	NO	
SAMN24674461	NO	
SAMN24674460	NO	
SAMN24674459	NO	
SAMN24674458	NO	
SAMN24674457	NO	
SAMN24674456	NO	
SAMN24674455	NO	
SAMN24674454	NO	
SAMN24674453	NO	
SAMN24674452	NO	
SAMN24674451	NO	
SAMN24674450	NO	
SAMN24674449	NO	
SAMN24674448	NO	
SAMN24674447	NO	
SAMN24674446	NO	
SAMN24674445	NO	
SAMN24674444	NO	
SAMN24674443	NO	
SAMN24674442	NO	
SAMN24674441	NO	
SAMN24674440	NO	
SAMN24674439	NO	
SAMN24674438	NO	
SAMN24674437	NO	
SAMN24674436	NO	
SAMN24674435	NO	
SAMN24674434	NO	
SAMN24674433	NO	
SAMN24674432	NO	
SAMN24674431	NO	
SAMN24674430	NO	
SAMN24674429	NO	
SAMN24674428	NO	
SAMN24674427	NO	
SAMN24674426	NO	
SAMN24674425	NO	
SAMN24674424	NO	
SAMN24674423	NO	
SAMN24674422	NO	
SAMN24674421	NO	
SAMN24674420	NO	
SAMN24674419	NO	
SAMN24674418	NO	
SAMN24674417	NO	
SAMN24674416	NO	
SAMN24674415	NO	
SAMN24674414	NO	
SAMN24674413	NO	
SAMN24674412	NO	
SAMN24674411	NO	
SAMN24674410	NO	
SAMN24674409	NO	
SAMN24674408	NO	
SAMN24674407	NO	
SAMN24674406	NO	
SAMN24674405	NO	
SAMN24674404	NO	
SAMN24674403	NO	
SAMN24674402	NO	
SAMN24674401	NO	
SAMN24674400	NO	
SAMN24674399	NO	
SAMN24674398	NO	
SAMN24674397	NO	
SAMN24674396	NO	
SAMN24674395	NO	
SAMN24674394	NO	
SAMN24674393	NO	
SAMN24674392	NO	
SAMN24674391	NO	
SAMN24674390	NO	
SAMN24674389	NO	
SAMN24674388	NO	
SAMN24674387	NO	
SAMN24674386	NO	
SAMN24674385	NO	
SAMN24674384	NO	
SAMN24674383	NO	
SAMN24674382	NO	
SAMN24674381	NO	
SAMN24674380	NO	
SAMN24674379	NO	
SAMN24674378	NO	
SAMN24673219	NO	
SAMN24673218	NO	
SAMN24673217	NO	
SAMN24673216	NO	
SAMN24673215	NO	
SAMN24673214	NO	
SAMN24673213	NO	
SAMN24673212	NO	
SAMN24673211	NO	
SAMN24673210	NO	
SAMN24673209	NO	
SAMN24673208	NO	
SAMN24673207	NO	
SAMN24673206	NO	
SAMN24673205	NO	
SAMN24673204	NO	
SAMN24673203	NO	
SAMN24673202	NO	
SAMN24673201	NO	
SAMN24673200	NO	
SAMN24673199	NO	
SAMN24673198	NO	
SAMN24673197	NO	
SAMN24673196	NO	
SAMN24673195	NO	
SAMN24673194	NO	
SAMN24673193	NO	
SAMN24673192	NO	
SAMN24673191	NO	
SAMN24673190	NO	
SAMN24673189	NO	
SAMN24673188	NO	
SAMN24673187	NO	
SAMN24673186	NO	
SAMN24673185	NO	
SAMN24673184	NO	
SAMN24673183	NO	
SAMN24673182	NO	
SAMN24673181	NO	
SAMN24673180	NO	
SAMN24673179	NO	
SAMN24673178	NO	
SAMN24673177	NO	
SAMN24673176	NO	
SAMN24673175	NO	
SAMN21464309	YES	GCF_028177115.1
SAMN21464302	YES	GCF_028177285.1
SAMN21464294	YES	GCF_028177635.1
SAMN28868074	NO	
SAMN30822110	NO	
SAMN30822109	NO	
SAMN30822108	NO	
SAMN30822107	NO	
SAMN30822106	NO	
SAMN30822105	NO	
SAMN30822104	NO	
SAMN30822103	NO	
SAMN30822102	NO	
SAMN30822101	NO	
SAMN30822100	NO	
SAMN30822099	NO	
SAMN30822098	NO	
SAMN30822097	NO	
SAMN30822096	NO	
SAMN30822095	NO	
SAMN30822094	NO	
SAMN30822093	NO	
SAMN30822092	NO	
SAMN30822091	NO	
SAMN30822090	NO	
SAMN30822089	NO	
SAMN30822088	NO	
SAMN30822087	NO	
SAMN30822086	NO	
SAMN30822085	NO	
SAMN30822084	NO	
SAMN30822083	NO	
SAMN30822082	NO	
SAMN30822081	NO	
SAMN30822080	NO	
SAMN30822079	NO	
SAMN30822078	NO	
SAMN30822077	NO	
SAMN30822076	NO	
SAMN30822075	NO	
SAMN30822074	NO	
SAMN30822073	NO	
SAMN30822072	NO	
SAMN30822071	NO	
SAMN30822070	NO	
SAMN30822069	NO	
SAMN30822068	NO	
SAMN30822067	NO	
SAMN30822066	NO	
SAMN30822065	NO	
SAMN30822064	NO	
SAMN30822063	NO	
SAMN30822062	NO	
SAMN30822061	NO	
SAMN30822060	NO	
SAMN30822059	NO	
SAMN30822058	NO	
SAMN30822057	NO	
SAMN30822056	NO	
SAMN30822055	NO	
SAMN30822054	NO	
SAMN30822053	NO	
SAMN30822052	NO	
SAMN30822051	NO	
SAMN30822050	NO	
SAMN30822049	NO	
SAMN30822048	NO	
SAMN30822047	NO	
SAMN30822046	NO	
SAMN30822045	NO	
SAMN30822044	NO	
SAMN30822043	NO	
SAMN30822042	NO	
SAMN30822041	NO	
SAMN30822040	NO	
SAMN30822039	NO	
SAMN30822038	NO	
SAMN30822037	NO	
SAMN30822036	NO	
SAMN30822035	NO	
SAMN30822034	NO	
SAMN30822033	NO	
SAMN30822032	NO	
SAMN30822031	NO	
SAMN30822030	NO	
SAMN30822029	NO	
SAMN30822028	NO	
SAMN30822027	NO	
SAMN30822026	NO	
SAMN30822025	NO	
SAMN30822024	NO	
SAMN30822023	NO	
SAMN30822022	NO	
SAMN30822021	NO	
SAMN30822020	NO	
SAMN30822019	NO	
SAMN30822018	NO	
SAMN30822017	NO	
SAMN30822016	NO	
SAMN30822015	NO	
SAMN30822014	NO	
SAMN30822013	NO	
SAMN30822012	NO	
SAMN30822011	NO	
SAMN30822010	NO	
SAMN30822009	NO	
SAMN30822008	NO	
SAMN30822007	NO	
SAMN30822006	NO	
SAMN30822005	NO	
SAMN30822004	NO	
SAMN30822003	NO	
SAMN30822002	NO	
SAMN30822001	NO	
SAMN30822000	NO	
SAMN30821999	NO	
SAMN30821998	NO	
SAMN30821997	NO	
SAMN30821996	NO	
SAMN30821995	NO	
SAMN30821994	NO	
SAMN30821993	NO	
SAMN30821992	NO	
SAMN30821991	NO	
SAMN30821990	NO	
SAMN30821989	NO	
SAMN30821988	NO	
SAMN30821987	NO	
SAMN30821986	NO	
SAMN30821985	NO	
SAMN30821984	NO	
SAMN30821983	NO	
SAMN30821982	NO	
SAMN30821981	NO	
SAMN30821980	NO	
SAMN30821979	NO	
SAMN30821978	NO	
SAMN30821977	NO	
SAMN30821976	NO	
SAMN30821975	NO	
SAMN30821974	NO	
SAMN30821973	NO	
SAMN30821972	NO	
SAMN30821971	NO	
SAMN30821970	NO	
SAMN30821969	NO	
SAMN30821968	NO	
SAMN30821967	NO	
SAMN30821966	NO	
SAMN30821965	NO	
SAMN30821964	NO	
SAMN30821963	NO	
SAMN30821962	NO	
SAMN30821961	NO	
SAMN30821960	NO	
SAMN30821959	NO	
SAMN30821958	NO	
SAMN30821957	NO	
SAMN30821956	NO	
SAMN30821955	NO	
SAMN30821954	NO	
SAMN30821953	NO	
SAMN30821952	NO	
SAMN30821951	NO	
SAMN30821950	NO	
SAMN30821949	NO	
SAMN30821948	NO	
SAMN30821947	NO	
SAMN30821946	NO	
SAMN30821945	NO	
SAMN30821944	NO	
SAMN30821943	NO	
SAMN30821942	NO	
SAMN30821941	NO	
SAMN30821940	NO	
SAMN30821939	NO	
SAMN30821938	NO	
SAMN30821937	NO	
SAMN30821936	NO	
SAMN30821935	NO	
SAMN30821934	NO	
SAMN30821933	NO	
SAMN30821932	NO	
SAMN30821931	NO	
SAMN30821930	NO	
SAMN30821929	NO	
SAMN30821928	NO	
SAMN30821927	NO	
SAMN30821926	NO	
SAMN30821925	NO	
SAMN30821924	NO	
SAMN30821923	NO	
SAMN30821922	NO	
SAMN30821921	NO	
SAMN30821920	NO	
SAMN30821919	NO	
SAMN27356661	NO	
SAMN27356660	NO	
SAMN27356659	NO	
SAMN27356658	NO	
SAMN27356657	NO	
SAMN27356656	NO	
SAMN27356655	NO	
SAMN27356654	NO	
SAMN27356653	NO	
SAMN27356652	NO	
SAMN27356651	NO	
SAMN27356650	NO	
SAMN27356649	NO	
SAMN27356648	NO	
SAMN27356647	NO	
SAMN27356646	NO	
SAMN27356645	NO	
SAMN27356644	NO	
SAMN27356643	NO	
SAMN27356642	NO	
SAMN27356641	NO	
SAMN27356640	NO	
SAMN27356639	NO	
SAMN27356638	NO	
SAMN27356637	NO	
SAMN27356636	NO	
SAMN27356635	NO	
SAMN27356634	NO	
SAMN27356633	NO	
SAMN27356632	NO	
SAMN27356631	NO	
SAMN27356630	NO	
SAMN27356629	NO	
SAMN27356628	NO	
SAMN27356627	NO	
SAMN27356626	NO	
SAMN27356625	NO	
SAMN27356624	NO	
SAMN27356623	NO	
SAMN27356622	NO	
SAMN27356621	NO	
SAMN27356620	NO	
SAMN27356619	NO	
SAMN27356618	NO	
SAMN27356617	NO	
SAMN27356616	NO	
SAMN27356615	NO	
SAMN27356614	NO	
SAMN27356613	NO	
SAMN27356612	NO	
SAMN27356611	NO	
SAMN27356610	NO	
SAMN27356609	NO	
SAMN27356608	NO	
SAMN27356607	NO	
SAMN27356606	NO	
SAMN27356605	NO	
SAMN27356604	NO	
SAMN27356603	NO	
SAMN27356602	NO	
SAMN27356601	NO	
SAMN27356600	NO	
SAMN27356599	NO	
SAMN27356598	NO	
SAMN27356597	NO	
SAMN27356596	NO	
SAMN27356595	NO	
SAMN27356594	NO	
SAMN27356593	NO	
SAMN27356592	NO	
SAMN27356591	NO	
SAMN27356590	NO	
SAMN27356589	NO	
SAMN27356588	NO	
SAMN27356587	NO	
SAMN27356586	NO	
SAMN27356585	NO	
SAMN27356584	NO	
SAMN27356583	NO	
SAMN27356582	NO	
SAMN27356581	NO	
SAMN27356580	NO	
SAMN27356579	NO	
SAMN27356578	NO	
SAMN27356577	NO	
SAMN27356576	NO	
SAMN27356575	NO	
SAMN27356574	NO	
SAMN27356573	NO	
SAMN27356572	NO	
SAMN27356571	NO	
SAMN27356570	NO	
SAMN27356569	NO	
SAMN27356568	NO	
SAMN27356567	NO	
SAMN27356566	NO	
SAMN27356565	NO	
SAMN27356564	NO	
SAMN27356563	NO	
SAMN27356562	NO	
SAMN27356561	NO	
SAMN27356560	NO	
SAMN27356559	NO	
SAMN27356558	NO	
SAMN27356557	NO	
SAMN27356556	NO	
SAMN27356555	NO	
SAMN27356554	NO	
SAMN27356553	NO	
SAMN27356552	NO	
SAMN27356551	NO	
SAMN27356550	NO	
SAMN27356549	NO	
SAMN27356548	NO	
SAMN27356547	NO	
SAMN27356546	NO	
SAMN27356545	NO	
SAMN27356544	NO	
SAMN27356543	NO	
SAMN27356542	NO	
SAMN27356541	NO	
SAMN27356540	NO	
SAMN27356539	NO	
SAMN27356538	NO	
SAMN27356537	NO	
SAMN27356536	NO	
SAMN27356535	NO	
SAMN27356534	NO	
SAMN27356533	NO	
SAMN27356532	NO	
SAMN27356531	NO	
SAMN27356530	NO	
SAMN27356529	NO	
SAMN27356528	NO	
SAMN27356527	NO	
SAMN27356526	NO	
SAMN27356525	NO	
SAMN27356524	NO	
SAMN27356523	NO	
SAMN27356522	NO	
SAMN27356521	NO	
SAMN27356520	NO	
SAMN27356519	NO	
SAMN27356518	NO	
SAMN27356517	NO	
SAMN27356516	NO	
SAMN27356515	NO	
SAMN27356514	NO	
SAMN27356513	NO	
SAMN27356512	NO	
SAMN27356511	NO	
SAMN27356510	NO	
SAMN27356509	NO	
SAMN27356508	NO	
SAMN27356507	NO	
SAMN27356506	NO	
SAMN27356505	NO	
SAMN27356504	NO	
SAMN27356503	NO	
SAMN27356502	NO	
SAMN27356501	NO	
SAMN27356500	NO	
SAMN27356499	NO	
SAMN27356498	NO	
SAMN27356497	NO	
SAMN27356496	NO	
SAMN27356495	NO	
SAMN27356494	NO	
SAMN27356493	NO	
SAMN27356492	NO	
SAMN27356491	NO	
SAMN27356490	NO	
SAMN27356489	NO	
SAMN27356488	NO	
SAMN27356487	NO	
SAMN27356486	NO	
SAMN27356485	NO	
SAMN27356484	NO	
SAMN27356483	NO	
SAMN27356482	NO	
SAMN27356481	NO	
SAMN27356480	NO	
SAMN27356479	NO	
SAMN27356478	NO	
SAMN27356477	NO	
SAMN27356476	NO	
SAMN27356475	NO	
SAMN27356474	NO	
SAMN27356473	NO	
SAMN27356472	NO	
SAMN27356471	NO	
SAMN27356470	NO	
SAMN29673693	YES	GCA_025884495.1
SAMN29673692	YES	GCF_025884395.1
SAMN29673691	YES	GCF_024802605.1
SAMN29638282	YES	GCF_025859515.1
SAMN29638281	YES	GCF_025859615.1
SAMN29638280	YES	GCF_025859635.1
SAMN21464312	NO	
SAMN21464311	NO	
SAMN21464310	YES	GCF_028177105.1
SAMN21464308	NO	
SAMN21464307	YES	GCF_028177125.1
SAMN21464306	NO	
SAMN21464305	YES	GCF_028177135.1
SAMN21464304	NO	
SAMN21464303	YES	GCF_028177185.1
SAMN21464301	YES	GCF_028177305.1
SAMN21464300	YES	GCF_028177325.1
SAMN21464299	YES	GCF_028177375.1
SAMN21464298	YES	GCF_028177365.1
SAMN21464297	YES	GCF_028177485.1
SAMN21464296	YES	GCF_028177505.1
SAMN21464295	YES	GCF_028177545.1
SAMEA10977831	YES	GCF_024925465.1;GCF_919586305.1
SAMEA110699821	NO	
SAMEA110698931	NO	
SAMN29255471	NO	
SAMN29255470	NO	
SAMN29255469	NO	
SAMN29255468	NO	
SAMN29255467	NO	
SAMN29255466	NO	
SAMN29255465	NO	
SAMN29255464	NO	
SAMN29255463	NO	
SAMN29255462	NO	
SAMN29255461	NO	
SAMN29255460	NO	
SAMN29255459	NO	
SAMN29255458	NO	
SAMN29255457	NO	
SAMN29255456	NO	
SAMN29255455	NO	
SAMN29255454	NO	
SAMN29255453	NO	
SAMN29255452	NO	
SAMN29255451	NO	
SAMN29255450	NO	
SAMN29255449	NO	
SAMN29255448	NO	
SAMN29255447	NO	
SAMN29255446	NO	
SAMN29255445	NO	
SAMN29255444	NO	
SAMN29255443	NO	
SAMN29255442	NO	
SAMN29255441	NO	
SAMN29255440	NO	
SAMN29255439	NO	
SAMN29255438	NO	
SAMN29255437	NO	
SAMN29255436	NO	
SAMN29255435	NO	
SAMN29232630	YES	GCA_024023015.1
SAMN28078159	YES	GCF_028464615.1
SAMN28078158	YES	GCF_028464595.1
SAMN28078157	YES	GCF_028464675.1
SAMN28078156	YES	GCF_028728185.1
SAMN28078155	NO	
SAMN23966414	NO	
SAMN23966413	NO	
SAMN23966412	NO	
SAMN27631883	YES	GCF_023646415.1
SAMN27631882	YES	GCF_023646455.1
SAMN27631881	NO	
SAMN27631880	YES	GCF_023646475.1
SAMN27631879	YES	GCF_023646515.1
SAMN27631878	YES	GCF_023646495.1
SAMN27631877	YES	GCF_023646535.1
SAMN27631876	YES	GCF_023646555.1
SAMN27631875	YES	GCF_023646575.1
SAMN27631874	YES	GCF_023646585.1
SAMN27589867	YES	GCF_023700725.1
SAMN27589866	YES	GCF_023646615.1
SAMN28591804	NO	
SAMN28591803	NO	
SAMN28591802	NO	
SAMN22566580	NO	
SAMN22566579	NO	
SAMN22566578	NO	
SAMN22566577	NO	
SAMN22566576	NO	
SAMN22566575	NO	
SAMN22566574	NO	
SAMN22566573	NO	
SAMN22566572	NO	
SAMN22566571	NO	
SAMN02152298	YES	GCF_001855495.2
SAMN27967468	NO	
SAMN27967467	NO	
SAMN27967466	NO	
SAMN22367847	YES	GCF_024460955.1
SAMD00034391	YES	GCF_001879565.1
SAMD00253070	NO	
SAMN14490840	NO	
SAMN14490839	YES	GCF_023130655.1
SAMN14490838	YES	GCF_023130705.1
SAMN14490837	YES	GCF_023130685.1
SAMN14490836	YES	GCF_023130735.1
SAMN14490835	YES	GCF_023130755.1
SAMN14490834	NO	
SAMN14490833	YES	GCF_023130765.1
SAMN14490831	YES	GCF_023130775.1
SAMN14490830	YES	GCF_023130835.1
SAMN26550128	YES	GCF_022625045.1
SAMN25611842	YES	GCF_022095055.1
SAMN17601211	YES	GCF_023518395.1
SAMN24896226	YES	GCA_022808635.1
SAMN25047906	NO	
SAMN21855741	YES	GCF_049888475.1
SAMN21855740	YES	GCF_049888495.1
SAMN21855739	YES	GCF_049888515.1
SAMN21855738	YES	GCF_049888535.1
SAMN21855737	YES	GCF_049888545.1
SAMN21855736	YES	GCF_049888575.1
SAMN21855735	YES	GCF_049888595.1
SAMN21855734	YES	GCF_049888615.1
SAMN24702282	YES	GCF_021462455.1
SAMN15955144	NO	
SAMN15955143	NO	
SAMN15955142	NO	
SAMN15955141	NO	
SAMN15955140	NO	
SAMN15955139	NO	
SAMN15955138	NO	
SAMN15955137	NO	
SAMN15955136	NO	
SAMN15955135	NO	
SAMN15955134	NO	
SAMN15955133	NO	
SAMN23345431	YES	GCA_021229115.1
SAMN22612389	YES	GCF_023074875.1
SAMN22612388	YES	GCF_023074995.1
SAMN22612387	YES	GCF_023074895.1
SAMN22612386	YES	GCF_023074915.1
SAMN22612385	YES	GCF_023074935.1
SAMN22612384	YES	GCF_023074955.1
SAMN22612383	YES	GCF_023074975.1
SAMN22612382	YES	GCF_023075015.1
SAMN22612381	YES	GCF_023075035.1
SAMN22612380	YES	GCF_023075045.1
SAMN22612379	YES	GCF_023075095.1
SAMN22612378	YES	GCF_023075075.1
SAMN22612377	YES	GCF_023075115.1
SAMN22612376	YES	GCF_023075135.1
SAMN22612375	YES	GCF_023075175.1
SAMN22612374	YES	GCF_023075165.1
SAMN22612373	YES	GCF_023075155.1
SAMN22612372	YES	GCF_023075215.1
SAMN22612371	YES	GCF_023075235.1
SAMN22612369	YES	GCF_023075275.1
SAMN22612368	YES	GCF_021117095.1
SAMN22612367	YES	GCF_023075305.1
SAMN22612366	YES	GCF_023075295.1
SAMN22612365	YES	GCF_021117115.1
SAMN22612364	YES	GCF_023075335.1
SAMN22612363	YES	GCF_023075355.1
SAMN22612362	YES	GCF_023075375.1
SAMN22612361	YES	GCF_023075495.1
SAMN22612360	YES	GCF_023075395.1
SAMN22612359	YES	GCF_023075415.1
SAMN22612358	YES	GCF_023075455.1
SAMN22612357	YES	GCF_023075435.1
SAMN22612356	YES	GCF_023075475.1
SAMN22612355	YES	GCF_023075535.1
SAMN22612354	YES	GCF_023075515.1
SAMN22612353	YES	GCF_023075555.1
SAMN22612352	YES	GCF_023075575.1
SAMN22612351	YES	GCF_023075595.1
SAMN22612350	YES	GCF_023075705.1
SAMN22612349	YES	GCF_023075615.1
SAMN22612348	YES	GCF_023075635.1
SAMN22612347	YES	GCF_023075655.1
SAMN22612346	YES	GCF_023075695.1
SAMN22612345	YES	GCF_023075685.1
SAMN22612344	YES	GCF_023075675.1
SAMN22612343	YES	GCF_023075715.1
SAMN22612342	YES	GCF_023075775.1
SAMN22612341	YES	GCF_023075815.1
SAMN22612340	YES	GCF_023075785.1
SAMN22612339	YES	GCF_023075825.1
SAMN22612338	YES	GCF_023075835.1
SAMN22612337	YES	GCF_023075875.1
SAMN22612336	YES	GCF_023075895.1
SAMN22612335	YES	GCF_023075905.1
SAMN22612334	YES	GCF_023075955.1
SAMN22612333	YES	GCF_023075915.1
SAMN22612332	YES	GCF_023075975.1
SAMN22612331	YES	GCF_023075995.1
SAMN22612330	YES	GCF_023076005.1
SAMN22612329	YES	GCF_023076135.1
SAMN22612328	YES	GCF_023076035.1
SAMN22612327	YES	GCF_023076055.1
SAMN22612326	YES	GCF_023076105.1
SAMN22612325	YES	GCF_023076095.1
SAMN22612324	YES	GCF_023076075.1
SAMN22612323	YES	GCF_023076165.1
SAMN22612322	YES	GCF_023076155.1
SAMN22612321	YES	GCF_023076215.1
SAMN22612320	YES	GCF_023076195.1
SAMN22612319	YES	GCF_023076235.1
SAMN22612318	YES	GCF_023076255.1
SAMN22612317	YES	GCF_023076265.1
SAMN22612316	YES	GCF_023076315.1
SAMN22612315	YES	GCF_023076415.1
SAMN22612314	YES	GCF_023076395.1
SAMN22612313	YES	GCF_023076295.1
SAMN22612312	YES	GCF_023076335.1
SAMN22612311	YES	GCF_023076355.1
SAMN22612310	YES	GCF_023076375.1
SAMN22612309	YES	GCF_023076475.1
SAMN22612308	YES	GCF_023076455.1
SAMN22612307	YES	GCF_023076485.1
SAMN22612306	YES	GCF_023076435.1
SAMN22612305	YES	GCF_023076515.1
SAMN22612304	YES	GCF_023076535.1
SAMN22612303	YES	GCF_023076565.1
SAMN22612302	YES	GCF_023076545.1
SAMN22612301	YES	GCF_023076575.1
SAMN22612300	YES	GCF_023076615.1
SAMN22612299	YES	GCF_023076675.1
SAMN22612298	YES	GCF_023076705.1
SAMN22612297	YES	GCF_023076655.1
SAMN22612296	YES	GCF_023076695.1
SAMN22612295	YES	GCF_023076635.1
SAMN22612294	YES	GCF_023076735.1
SAMN22612293	YES	GCF_023076775.1
SAMN22612292	YES	GCF_023076755.1
SAMN22612291	YES	GCF_023076795.1
SAMN22612290	YES	GCF_023076805.1
SAMN22612289	YES	GCF_023076835.1
SAMN22612288	YES	GCF_023076855.1
SAMN22612287	YES	GCF_023076865.1
SAMN22612286	NO	
SAMN22612285	YES	GCF_023076905.1
SAMN22612284	YES	GCF_023076895.1
SAMN22612283	YES	GCF_023076935.1
SAMN22612282	YES	GCF_023076985.1
SAMN22612281	YES	GCF_023076945.1
SAMN22612280	YES	GCF_023077005.1
SAMN22612279	YES	GCF_023076975.1
SAMN22612278	YES	GCF_023077035.1
SAMN22612277	YES	GCF_023077055.1
SAMN22612276	YES	GCF_023077075.1
SAMN22612275	YES	GCF_023077095.1
SAMN22612274	YES	GCF_023077115.1
SAMN22612273	YES	GCF_023077215.1
SAMN22612272	YES	GCF_023077135.1
SAMN22612271	YES	GCF_023077155.1
SAMN22612270	YES	GCF_023077175.1
SAMN22612269	YES	GCF_021117135.1
SAMN22612268	YES	GCF_023077195.1
SAMN22612267	YES	GCF_023077235.1
SAMN22612266	YES	GCF_023077275.1
SAMN22612265	YES	GCF_023077255.1
SAMN22612264	YES	GCF_023077295.1
SAMN22612262	YES	GCF_023077315.1
SAMN22612261	YES	GCF_023077335.1
SAMN22612260	YES	GCF_023077355.1
SAMN22612259	YES	GCF_023077415.1
SAMN22612258	YES	GCF_023077375.1
SAMN22612257	YES	GCF_023077395.1
SAMN22612256	YES	GCF_023077445.1
SAMN22612255	YES	GCF_023077435.1
SAMN22612254	YES	GCF_023077475.1
SAMN22612253	YES	GCF_023077495.1
SAMN22612252	YES	GCF_023077515.1
SAMN22612251	YES	GCF_023077535.1
SAMN22612250	YES	GCF_023077575.1
SAMN22612249	YES	GCF_023077555.1
SAMN22612248	YES	GCF_023077585.1
SAMN22612247	YES	GCF_023077615.1
SAMN22612246	YES	GCF_023077635.1
SAMN23101910	YES	GCF_020923475.1
SAMN14754796	NO	
SAMN14754795	NO	
SAMN14754794	NO	
SAMN14754779	NO	
SAMN14754778	NO	
SAMN14754777	NO	
SAMN14929631	NO	
SAMN14929630	NO	
SAMN14929629	NO	
SAMN14929628	NO	
SAMN14929627	NO	
SAMN14929626	NO	
SAMN14929625	NO	
SAMN14929624	NO	
SAMN14929623	NO	
SAMN14929622	NO	
SAMN14929621	NO	
SAMN14929620	NO	
SAMN14929619	NO	
SAMN14929618	NO	
SAMN14929617	NO	
SAMN14929616	NO	
SAMN14929615	NO	
SAMN14929614	NO	
SAMN14929613	NO	
SAMN14929612	NO	
SAMN14929611	NO	
SAMN14929610	NO	
SAMN14929609	NO	
SAMN14929608	NO	
SAMN14929607	NO	
SAMN14929606	NO	
SAMN14929605	NO	
SAMN14929604	NO	
SAMN14929603	NO	
SAMN14929602	NO	
SAMN14929601	NO	
SAMN14929600	NO	
SAMEA3218686	YES	GCF_001373315.1
SAMEA3218685	YES	GCF_001373295.1
SAMEA3218684	YES	GCF_001373275.1
SAMEA3218683	YES	GCF_001373255.1
SAMEA3292285	YES	GCF_001373335.1
SAMEA2272283	YES	GCF_000197855.1
SAMEA2272127	YES	GCF_000427195.1
SAMEA2272112	YES	GCF_000283475.1
SAMN20308689	YES	GCF_019737115.1
SAMN19546226	YES	GCA_018861195.1
SAMN18316930	YES	GCF_018540425.1
SAMN19372447	YES	GCF_018731965.1
SAMN19291626	NO	
SAMN19291625	NO	
SAMN19291624	NO	
SAMN18614305	NO	
SAMN18614302	NO	
SAMN13518540	YES	GCF_018243215.1
SAMN18323792	NO	
SAMN14683366	YES	GCF_018733955.1
SAMN14524015	YES	GCF_013306015.1
SAMN14524014	NO	
SAMN14524013	YES	GCF_013306095.1
SAMN14524012	YES	GCF_013306155.1
SAMN14524011	YES	GCF_013306205.1
SAMN14524010	YES	GCF_013306235.1
SAMN14524009	YES	GCF_013306255.1
SAMN14524008	YES	GCF_013306275.1
SAMN14524007	YES	GCF_013306295.1
SAMN14524006	YES	GCF_013306315.1
SAMN14524005	YES	GCF_013306335.1
SAMN14524004	YES	GCF_013306355.1
SAMN14524003	YES	GCF_013306395.1
SAMN14524002	YES	GCF_013306375.1
SAMN14524001	YES	GCF_013306415.1
SAMN14524000	YES	GCF_013306435.1
SAMN14523999	YES	GCF_013306475.1
SAMN14523998	YES	GCF_013306455.1
SAMN14523997	YES	GCF_013306495.1
SAMN14523996	YES	GCF_013306515.1
SAMN14523995	YES	GCF_013306545.1
SAMN14523994	YES	GCF_013306575.1
SAMN14523993	YES	GCF_013306655.1
SAMN14523992	YES	GCF_013306745.1
SAMN14523991	YES	GCF_013306765.1
SAMN14523990	YES	GCF_013306805.1
SAMN14523989	YES	GCF_013306785.1
SAMN14523988	YES	GCF_013306825.1
SAMN14523987	YES	GCF_013306845.1
SAMN14523986	YES	GCF_013306875.1
SAMN14523985	YES	GCF_013306915.1
SAMN14523984	YES	GCF_013306935.1
SAMN14523983	YES	GCF_013306955.1
SAMN14420033	NO	
SAMN14420032	NO	
SAMN14420031	NO	
SAMN14420030	NO	
SAMN14420029	NO	
SAMN14420028	NO	
SAMN14420027	NO	
SAMN14420026	NO	
SAMN14420025	NO	
SAMN14420024	NO	
SAMN14420023	NO	
SAMN14420022	NO	
SAMN14420021	NO	
SAMN14420020	NO	
SAMN14420019	NO	
SAMN14420018	NO	
SAMN14420017	NO	
SAMN14420016	NO	
SAMN14420015	NO	
SAMN14420014	NO	
SAMN14420013	NO	
SAMN14420012	NO	
SAMN14420011	NO	
SAMN14420010	NO	
SAMN14420009	NO	
SAMN14420008	NO	
SAMN14420007	NO	
SAMN14420006	NO	
SAMN14420005	NO	
SAMN14420004	NO	
SAMN14420003	NO	
SAMN14420002	NO	
SAMN14420001	NO	
SAMN14262756	YES	GCF_011290405.1
SAMN14262755	YES	GCF_011290465.1
SAMN14262754	YES	GCF_011290445.1
SAMN14262744	YES	GCF_011290425.1
SAMN14253254	NO	
SAMN12500621	YES	GCF_008000395.1
SAMN10351675	YES	GCF_003725665.1
SAMN09425312	YES	GCF_003256405.1
SAMN09425311	YES	GCF_003256445.1
SAMN09425310	YES	GCF_003256425.1
SAMN08180272	YES	GCF_002894285.1
SAMN08048783	YES	GCF_002894845.1
SAMN08046731	YES	GCF_002894775.1
SAMN08043185	YES	GCF_002894785.1
SAMN08043183	YES	GCF_002894765.1
SAMN08043155	YES	GCF_002894795.1
SAMN07430693	YES	GCF_003515585.1
SAMN07430692	YES	GCF_003515605.1
SAMN07430691	YES	GCF_003515345.1
SAMN07430690	YES	GCF_003515365.1
SAMN07430689	YES	GCF_003515625.1
SAMN07430688	YES	GCF_003515185.1
SAMN07430687	YES	GCF_003515205.1
SAMN07430686	YES	GCF_003515385.1
SAMN07430685	YES	GCF_003515405.1
SAMN07430684	YES	GCF_003515225.1
SAMN07430683	YES	GCF_003515425.1
SAMN07430682	YES	GCF_003515445.1
SAMN07311587	YES	GCF_003999715.1
SAMN06203084	NO	
SAMN06203083	NO	
SAMN06203082	NO	
SAMN06203081	NO	
SAMN06203080	NO	
SAMN06203079	NO	
SAMN06203078	NO	
SAMN06203077	NO	
SAMN06203076	NO	
SAMN06034710	NO	
SAMN05942177	NO	
SAMN05892027	YES	GCA_001920895.2
SAMN05892026	YES	GCA_001920905.2
SAMN05892025	YES	GCA_001920885.2
SAMN05789166	YES	GCF_001901665.1
SAMN05392700	NO	
SAMN05392572	YES	GCF_001887535.1
SAMN03763557	NO	
SAMN02469797	YES	GCF_000331895.1
SAMN02469793	YES	GCF_002155245.1;GCF_000331875.1
SAMN08013148	NO	
SAMN08013147	NO	
SAMN08013146	NO	
SAMN08013145	NO	
SAMN08013144	NO	
SAMN08013143	NO	
SAMN16125523	YES	GCF_015910515.1
SAMN16125521	YES	GCF_015910595.1
SAMN16125520	YES	GCF_015910655.1
SAMN16125518	YES	GCF_015910645.1
SAMN16125517	YES	GCF_015910695.1
SAMN16125516	YES	GCF_015910735.1
SAMN16125515	YES	GCF_015910775.1
SAMN16125514	YES	GCF_015910785.1
SAMN16125513	YES	GCF_015910755.1
SAMN16125512	YES	GCF_015910795.1
SAMN16125511	YES	GCF_015910825.1
SAMN16125510	YES	GCF_015910855.1
SAMN16125509	YES	GCF_015910885.1
SAMN16125508	YES	GCF_015910875.1
SAMN16125507	YES	GCF_015910915.1
SAMN16125506	YES	GCF_015910925.1
SAMN16125505	YES	GCF_015910955.1
SAMN16125504	YES	GCF_015910975.1
SAMN16125503	YES	GCF_015910965.1
SAMN16125502	YES	GCF_015911015.1
SAMN16125501	YES	GCF_015911065.1
SAMN16125500	YES	GCF_015911025.1
SAMN16125499	YES	GCF_015911075.1
SAMN16125498	YES	GCF_015911095.1
SAMN16125497	YES	GCF_015911055.1
SAMN16125496	YES	GCF_015911115.1
SAMN16125495	YES	GCF_015911155.1
SAMN16125494	YES	GCF_015911165.1
SAMN16125493	YES	GCF_015911205.1
SAMN16125492	YES	GCF_015911195.1
SAMN16125491	YES	GCF_015911215.1
SAMN16125490	YES	GCF_015911275.1
SAMN16125489	YES	GCA_015911285.1
SAMN16125488	YES	GCF_015911255.1
SAMN16125487	YES	GCF_015911295.1
SAMN16125486	YES	GCF_015911305.1
SAMN16125485	YES	GCF_015911355.1
SAMN16125484	YES	GCF_015911395.1
SAMN16125483	YES	GCF_015911405.1
SAMN16125482	YES	GCF_015911375.1
SAMN16125481	YES	GCF_015911415.1
SAMN16125480	YES	GCF_015911465.1
SAMN16125479	YES	GCF_015911455.1
SAMN16125478	YES	GCF_015911495.1
SAMN16125477	YES	GCF_015911505.1
SAMN16125476	YES	GCF_015911515.1
SAMN16125475	YES	GCF_015911565.1
SAMN16125474	YES	GCF_015911555.1
SAMN16125473	YES	GCF_015911585.1
SAMN16125472	YES	GCF_015911615.1
SAMN16125471	YES	GCF_015911625.1
SAMN16125470	YES	GCF_015911645.1
SAMN16125469	YES	GCF_015911675.1
SAMN16125468	YES	GCF_015911685.1
SAMN16125467	YES	GCF_015911715.1
SAMN16125466	YES	GCF_015911725.1
SAMN16125465	YES	GCF_015911755.1
SAMN16125464	YES	GCF_015911775.1
SAMN16125463	YES	GCF_015911785.1
SAMN16125462	YES	GCF_015911795.1
SAMN16125461	YES	GCF_015911845.1
SAMN16125460	YES	GCF_015911835.1
SAMN16125459	YES	GCF_015911905.1
SAMN16125458	YES	GCF_015911875.1
SAMN16125457	YES	GCF_015911895.1
SAMN16125455	YES	GCF_015911945.1
SAMN16125454	YES	GCF_015911975.1
SAMN16125453	YES	GCF_015911985.1
SAMN16125452	YES	GCF_015912005.1
SAMN16125451	YES	GCF_015912035.1
SAMN16125449	YES	GCF_015912065.1
SAMN16125448	YES	GCF_015912105.1
SAMN16125447	YES	GCF_015912085.1
SAMN16125446	YES	GCF_015912135.1
SAMN16125445	YES	GCF_015912145.1
SAMN16125444	YES	GCF_015912195.1
SAMN16125443	YES	GCF_015912175.1
SAMN16125442	YES	GCF_015912205.1
SAMN16125441	YES	GCF_015912235.1
SAMN16125440	YES	GCF_015912245.1
SAMN16125439	YES	GCF_015912275.1
SAMN16125438	YES	GCF_015912285.1
SAMN16125437	YES	GCF_015912355.1
SAMN16125436	YES	GCF_015912315.1
SAMN16125434	YES	GCF_015912385.1
SAMN16125433	YES	GCF_015912375.1
SAMN16396878	YES	GCF_015999365.1
SAMN15235522	YES	GCF_014490805.1
SAMN15371201	YES	GCF_014210345.1
SAMN15371200	YES	GCF_014210335.1
SAMN15371199	YES	GCF_014210375.1
SAMN15371198	YES	GCF_014210395.1
SAMN15623711	YES	GCF_014041975.1
SAMN15331500	YES	GCF_013704765.1
SAMN15331499	YES	GCF_013375735.1
SAMN15331471	YES	GCF_013375715.1
SAMN15102643	YES	GCF_013359535.1
SAMN14207021	YES	GCF_012562465.1
SAMN14229440	NO	
SAMN14229439	NO	
SAMN14229397	NO	
SAMN14206145	NO	
SAMN08378610	NO	
SAMN08378615	NO	
SAMN08378614	NO	
SAMN08378613	NO	
SAMN08378612	NO	
SAMN08378611	NO	
SAMN08378609	NO	
SAMN08378608	NO	
SAMN08378594	NO	
SAMN08378593	NO	
SAMN08378592	NO	
SAMN08378591	NO	
SAMN13639769	YES	GCA_009832805.1
SAMN13633964	YES	GCA_009832785.1
SAMN13615695	NO	
SAMN13503727	YES	GCF_012062695.1
SAMN13503726	YES	GCF_012062725.1
SAMN13503725	YES	GCF_012062685.1
SAMN13503724	YES	GCF_012062745.1
SAMN13503723	YES	GCF_012062765.1
SAMN13503722	YES	GCF_012062775.1
SAMN13503721	YES	GCF_012062785.1
SAMN13503720	YES	GCF_012062825.1
SAMN13503719	YES	GCF_012271315.1
SAMN13503718	YES	GCF_012062545.1
SAMN13503717	YES	GCF_012271305.1
SAMN13503716	YES	GCF_012271325.1
SAMN13503715	YES	GCF_012271355.1
SAMN13503714	YES	GCF_012271385.1
SAMN13503713	YES	GCF_012271415.1
SAMN13503712	YES	GCF_012271435.1
SAMN13503711	YES	GCF_012062495.1
SAMN13503710	YES	GCF_012271445.1
SAMN13503709	YES	GCF_012271485.1
SAMN13503708	YES	GCF_012062505.1
SAMN13503707	YES	GCF_012271495.1
SAMN13503706	YES	GCF_012271545.1
SAMN13503705	YES	GCF_012271525.1
SAMN13503704	YES	GCF_012062645.1
SAMN13503703	YES	GCF_012062595.1
SAMN13503702	YES	GCF_012062605.1
SAMN13503701	YES	GCF_012062655.1
SAMN13503700	YES	GCF_012062465.1
SAMN13503699	YES	GCF_012062585.1
SAMN13503698	YES	GCF_011420365.1
SAMN08378582	YES	GCF_008271775.1
SAMN08378581	YES	GCF_008271855.1
SAMN08378580	YES	GCF_008271845.1
SAMN08378579	YES	GCF_008271875.1
SAMN06578950	NO	
SAMN04272888	NO	
SAMN04272887	NO	
SAMN04272885	NO	
SAMN03354495	NO	
SAMN11352627	YES	GCF_006088755.1
SAMEA3158502	YES	GCF_001050995.1
SAMEA3137596	YES	GCF_000825845.1
SAMEA3137594	YES	GCF_000825825.1
SAMEA3137593	YES	GCF_000825805.1
SAMEA3137592	YES	GCF_000825785.1
SAMEA3137591	YES	GCF_000825865.1
SAMEA3137590	YES	GCF_000825885.1
SAMEA3137589	YES	GCF_000825905.1
SAMEA3137588	YES	GCF_000825925.1
SAMEA3138396	YES	GCF_000212635.3
SAMN08156817	NO	
SAMN08156816	NO	
SAMN08407853	YES	GCF_003576005.1
SAMN08196801	YES	GCF_003576625.1
SAMN06189571	YES	GCF_003337165.1
SAMN10366527	YES	GCF_003860725.1
SAMN10366526	YES	GCF_003860705.1
SAMN10366525	YES	GCF_003860685.1
SAMN10366524	YES	GCF_003860765.1
SAMN10366523	YES	GCF_003860665.1
SAMN10366522	YES	GCF_003860745.1
SAMN10360477	NO	
SAMN10360476	NO	
SAMN10360475	NO	
SAMN10360474	NO	
SAMN10360473	NO	
SAMN10360472	NO	
SAMN08380407	YES	GCF_003590625.2
SAMN08378625	YES	GCF_003590585.2
SAMN08384893	YES	GCF_003590605.1
SAMN07430706	YES	GCF_003515245.1
SAMN07430705	YES	GCF_003515465.1
SAMN07430704	YES	GCF_003515485.1
SAMN07430703	YES	GCF_003515265.1
SAMN07430702	YES	GCF_003515505.1
SAMN07430701	YES	GCF_003515525.1
SAMN07430700	YES	GCF_003515285.1
SAMN07430699	YES	GCF_003515545.1
SAMN07430698	YES	GCF_003515145.1
SAMN07430697	YES	GCF_003515565.1
SAMN07430696	YES	GCF_003515305.1
SAMN07430695	YES	GCF_003515325.1
SAMN07430694	YES	GCF_003515165.1
SAMEA768138	NO	
SAMEA768137	NO	
SAMEA768134	NO	
SAMEA768135	NO	
SAMEA768132	NO	
SAMEA768133	NO	
SAMN02999387	YES	GCF_002930085.2
SAMN07189980	YES	GCF_002549815.1
SAMN04539710	YES	GCF_001708525.1
SAMN04538211	YES	GCF_001586135.1
SAMN07176573	YES	GCF_002501565.1
SAMN07187861	YES	GCF_003595305.1
SAMN05504078	NO	
SAMN07142318	NO	
SAMN03256358	YES	GCF_001644855.1
SAMN03256353	YES	GCF_001644815.1
SAMN03256333	YES	GCF_001644795.1
SAMN02716068	YES	GCF_001644805.2
SAMEA431305	NO	
SAMEA431260	NO	
SAMEA431292	NO	
SAMEA431271	NO	
SAMEA431251	NO	
SAMEA431240	NO	
SAMEA1281875	NO	
SAMEA536557	NO	
SAMEA536546	NO	
SAMEA536533	NO	
SAMEA536658	NO	
SAMEA536446	NO	
SAMEA536646	NO	
SAMEA536521	NO	
SAMEA536507	NO	
SAMEA536495	NO	
SAMEA536486	NO	
SAMEA1298529	NO	
SAMEA1298526	NO	
SAMEA1298523	NO	
SAMEA1298522	NO	
SAMEA1298518	NO	
SAMEA1298606	NO	
SAMEA1298605	NO	
SAMEA1298636	NO	
SAMEA1298557	NO	
SAMEA1298635	NO	
SAMEA1298554	NO	
SAMEA1298633	NO	
SAMEA1298632	NO	
SAMEA1298544	NO	
SAMEA1298623	NO	
SAMEA1298622	NO	
SAMEA1298543	NO	
SAMEA1298621	NO	
SAMEA1298620	NO	
SAMEA1298616	NO	
SAMEA1298615	NO	
SAMEA1298538	NO	
SAMEA1298614	NO	
SAMEA1298536	NO	
SAMEA1298534	NO	
SAMEA1298528	NO	
SAMEA1298527	NO	
SAMEA1298525	NO	
SAMEA1298524	NO	
SAMEA1298521	NO	
SAMEA1298520	NO	
SAMEA1298519	NO	
SAMEA1298610	NO	
SAMEA1298609	NO	
SAMEA1298608	NO	
SAMEA1298607	NO	
SAMEA1298602	NO	
SAMEA1298686	NO	
SAMEA1298683	NO	
SAMEA1298598	NO	
SAMEA1298682	NO	
SAMEA1298597	NO	
SAMEA1298596	NO	
SAMEA1298680	NO	
SAMEA1298593	NO	
SAMEA1298679	NO	
SAMEA1298678	NO	
SAMEA1298591	NO	
SAMEA1298677	NO	
SAMEA1298675	NO	
SAMEA1298674	NO	
SAMEA1298588	NO	
SAMEA1298672	NO	
SAMEA1298671	NO	
SAMEA1298587	NO	
SAMEA1298586	NO	
SAMEA1298670	NO	
SAMEA1298585	NO	
SAMEA1298584	NO	
SAMEA1298583	NO	
SAMEA1298669	NO	
SAMEA1298582	NO	
SAMEA1298581	NO	
SAMEA1298668	NO	
SAMEA1298667	NO	
SAMEA1298580	NO	
SAMEA1298666	NO	
SAMEA1298665	NO	
SAMEA1298661	NO	
SAMEA1298575	NO	
SAMEA1298660	NO	
SAMEA1298573	NO	
SAMEA1298659	NO	
SAMEA1298572	NO	
SAMEA1298658	NO	
SAMEA1298570	NO	
SAMEA1298656	NO	
SAMEA1298655	NO	
SAMEA1298569	NO	
SAMEA1298654	NO	
SAMEA1298653	NO	
SAMEA1298568	NO	
SAMEA1298652	NO	
SAMEA1298651	NO	
SAMEA1298647	NO	
SAMEA1298563	NO	
SAMEA1298646	NO	
SAMEA1298645	NO	
SAMEA1298562	NO	
SAMEA1298559	NO	
SAMEA1298639	NO	
SAMEA1298558	NO	
SAMEA1298638	NO	
SAMEA1298637	NO	
SAMEA1298517	NO	
SAMEA1298515	NO	
SAMEA1298604	NO	
SAMEA1298603	NO	
SAMEA1298601	NO	
SAMEA1298600	NO	
SAMEA1298685	NO	
SAMEA1298684	NO	
SAMEA1298599	NO	
SAMEA1298595	NO	
SAMEA1298594	NO	
SAMEA1298592	NO	
SAMEA1298590	NO	
SAMEA1298676	NO	
SAMEA1298589	NO	
SAMEA1298673	NO	
SAMEA1298664	NO	
SAMEA1298578	NO	
SAMEA1298663	NO	
SAMEA1298577	NO	
SAMEA1298662	NO	
SAMEA1298576	NO	
SAMEA1298574	NO	
SAMEA1298571	NO	
SAMEA1298657	NO	
SAMEA1298567	NO	
SAMEA1298650	NO	
SAMEA1298566	NO	
SAMEA1298565	NO	
SAMEA1298649	NO	
SAMEA1298564	NO	
SAMEA1298648	NO	
SAMEA1298644	NO	
SAMEA1298643	NO	
SAMEA1298561	NO	
SAMEA1298642	NO	
SAMEA1298641	NO	
SAMEA1298560	NO	
SAMEA1298640	NO	
SAMEA1298556	NO	
SAMEA1298555	NO	
SAMEA1298634	NO	
SAMEA1298552	NO	
SAMEA1298631	NO	
SAMEA1298551	NO	
SAMEA1298630	NO	
SAMEA1298550	NO	
SAMEA1298629	NO	
SAMEA1298549	NO	
SAMEA1298628	NO	
SAMEA1298548	NO	
SAMEA1298627	NO	
SAMEA1298547	NO	
SAMEA1298626	NO	
SAMEA1298546	NO	
SAMEA1298625	NO	
SAMEA1298545	NO	
SAMEA1298624	NO	
SAMEA1298542	NO	
SAMEA1298541	NO	
SAMEA1298619	NO	
SAMEA1298540	NO	
SAMEA1298618	NO	
SAMEA1298617	NO	
SAMEA1298539	NO	
SAMEA1298613	NO	
SAMEA1298537	NO	
SAMEA1298612	NO	
SAMEA1298611	NO	
SAMEA1298535	NO	
SAMEA1298533	NO	
SAMEA1298532	NO	
SAMEA1298531	NO	
SAMEA1298530	NO	
SAMN04579664	NO	
SAMN06615925	NO	
SAMN06697629	YES	GCF_002251655.1
SAMN06697628	YES	GCF_002251605.2
SAMN06611028	NO	
SAMN06611027	NO	
SAMN06610398	NO	
SAMN06610220	YES	GCF_002162015.1
SAMN06611049	NO	
SAMN06611048	NO	
SAMN06611046	NO	
SAMN06611032	NO	
SAMN06611031	NO	
SAMN06611029	NO	
SAMN06611026	NO	
SAMN06610411	NO	
SAMN06610409	NO	
SAMN06610406	NO	
SAMN06610405	NO	
SAMN06610404	NO	
SAMN06610401	NO	
SAMN06618353	NO	
SAMN06618352	NO	
SAMN06618351	NO	
SAMN06618350	NO	
SAMN06578932	NO	
SAMN06618354	NO	
SAMN06618349	NO	
SAMN06618348	NO	
SAMN06618347	NO	
SAMN06618346	NO	
SAMN06618345	NO	
SAMN06618344	NO	
SAMN06618343	NO	
SAMN06618342	NO	
SAMN06618341	NO	
SAMN06618340	NO	
SAMN06618339	NO	
SAMN06618338	NO	
SAMN06618337	NO	
SAMN06618336	NO	
SAMN06618335	NO	
SAMN06560054	YES	GCF_002029865.1
SAMN06560053	YES	GCF_002029895.1
SAMN06560052	YES	GCF_002029885.1
SAMEA4153193	NO	
SAMEA4153182	NO	
SAMEA4153190	NO	
SAMEA4153183	NO	
SAMEA4153186	NO	
SAMEA4153185	NO	
SAMEA4153188	NO	
SAMEA4153187	NO	
SAMEA4153198	NO	
SAMEA4153197	NO	
SAMEA965397	NO	
SAMEA965398	NO	
SAMEA965399	NO	
SAMEA4150519	NO	
SAMEA4150517	NO	
SAMEA4150518	NO	
SAMEA4150520	NO	
SAMEA4150521	NO	
SAMEA4150515	NO	
SAMEA4150516	NO	
SAMN04338585	NO	
SAMN05879720	YES	GCF_001854265.1
SAMN05879719	YES	GCF_001876985.1
SAMN05879718	YES	GCF_001876975.1
SAMN05879717	YES	GCF_001870825.1
SAMN05879716	YES	GCF_001870805.1
SAMEA4233430	NO	
SAMEA4233526	NO	
SAMEA4233527	NO	
SAMEA4233441	NO	
SAMEA4233442	NO	
SAMEA4233440	NO	
SAMEA131488	NO	
SAMEA131504	NO	
SAMEA131496	NO	
SAMEA4233421	NO	
SAMEA4233426	NO	
SAMEA4233423	NO	
SAMEA4233419	NO	
SAMEA4233368	NO	
SAMEA4233417	NO	
SAMEA4233366	NO	
SAMEA4233433	NO	
SAMEA4233432	NO	
SAMEA4233437	NO	
SAMEA4233374	NO	
SAMEA4233370	NO	
SAMEA4233404	NO	
SAMEA4233513	NO	
SAMEA4233402	NO	
SAMEA4233511	NO	
SAMEA4233512	NO	
SAMEA4233510	NO	
SAMEA4233481	NO	
SAMEA4233507	NO	
SAMEA4233505	NO	
SAMEA4233504	NO	
SAMEA4233489	NO	
SAMEA4233380	NO	
SAMEA4233486	NO	
SAMEA4233383	NO	
SAMEA4233488	NO	
SAMEA4233487	NO	
SAMEA4233413	NO	
SAMEA4233501	NO	
SAMEA4233415	NO	
SAMEA4233414	NO	
SAMEA4233411	NO	
SAMEA4233495	NO	
SAMEA4233407	NO	
SAMEA4233392	NO	
SAMEA4233391	NO	
SAMEA4233390	NO	
SAMEA4233499	NO	
SAMEA4233496	NO	
SAMEA4233463	NO	
SAMEA4233467	NO	
SAMEA4233468	NO	
SAMEA4233461	NO	
SAMEA4233516	NO	
SAMEA4233523	NO	
SAMEA4233474	NO	
SAMEA4233478	NO	
SAMEA4233479	NO	
SAMEA4233472	NO	
SAMEA4233529	NO	
SAMEA4233473	NO	
SAMEA4233530	NO	
SAMEA4233532	NO	
SAMEA4233531	NO	
SAMEA4233447	NO	
SAMEA4233445	NO	
SAMEA4233446	NO	
SAMEA4233443	NO	
SAMEA4233439	NO	
SAMEA4233456	NO	
SAMEA4233458	NO	
SAMEA4233459	NO	
SAMEA4233452	NO	
SAMEA4233454	NO	
SAMEA4233451	NO	
SAMEA441061	NO	
SAMEA441073	NO	
SAMEA441037	NO	
SAMEA441048	NO	
SAMEA247350	NO	
SAMEA247340	NO	
SAMEA247300	NO	
SAMEA247311	NO	
SAMEA247332	NO	
SAMEA247356	NO	
SAMEA247293	NO	
SAMEA247257	NO	
SAMEA247248	NO	
SAMEA247273	NO	
SAMEA247238	NO	
SAMEA247245	NO	
SAMEA247232	NO	
SAMEA247241	NO	
SAMEA247279	NO	
SAMEA247262	NO	
SAMEA247251	NO	
SAMEA301017	NO	
SAMEA301027	NO	
SAMN03144431	NO	
SAMEA4233422	NO	
SAMEA4233420	NO	
SAMEA4233425	NO	
SAMEA4233424	NO	
SAMEA4233418	NO	
SAMEA4233369	NO	
SAMEA4233416	NO	
SAMEA4233365	NO	
SAMEA4233367	NO	
SAMEA4233431	NO	
SAMEA4233435	NO	
SAMEA4233434	NO	
SAMEA4233436	NO	
SAMEA4233427	NO	
SAMEA4233428	NO	
SAMEA4233429	NO	
SAMEA4233379	NO	
SAMEA4233378	NO	
SAMEA4233377	NO	
SAMEA4233376	NO	
SAMEA4233375	NO	
SAMEA4233373	NO	
SAMEA4233372	NO	
SAMEA4233371	NO	
SAMEA4233403	NO	
SAMEA4233514	NO	
SAMEA4233401	NO	
SAMEA4233400	NO	
SAMEA4233482	NO	
SAMEA4233387	NO	
SAMEA4233386	NO	
SAMEA4233484	NO	
SAMEA4233389	NO	
SAMEA4233509	NO	
SAMEA4233483	NO	
SAMEA4233388	NO	
SAMEA4233508	NO	
SAMEA4233506	NO	
SAMEA4233480	NO	
SAMEA4233381	NO	
SAMEA4233485	NO	
SAMEA4233382	NO	
SAMEA4233385	NO	
SAMEA4233384	NO	
SAMEA4233500	NO	
SAMEA4233412	NO	
SAMEA4233503	NO	
SAMEA4233410	NO	
SAMEA4233409	NO	
SAMEA4233399	NO	
SAMEA4233494	NO	
SAMEA4233398	NO	
SAMEA4233493	NO	
SAMEA4233397	NO	
SAMEA4233492	NO	
SAMEA4233491	NO	
SAMEA4233405	NO	
SAMEA4233490	NO	
SAMEA4233406	NO	
SAMEA4233408	NO	
SAMEA4233396	NO	
SAMEA4233498	NO	
SAMEA4233395	NO	
SAMEA4233497	NO	
SAMEA4233393	NO	
SAMEA4233465	NO	
SAMEA4233466	NO	
SAMEA4233464	NO	
SAMEA4233469	NO	
SAMEA4233517	NO	
SAMEA4233518	NO	
SAMEA4233462	NO	
SAMEA4233515	NO	
SAMEA4233525	NO	
SAMEA4233524	NO	
SAMEA4233522	NO	
SAMEA4233521	NO	
SAMEA4233520	NO	
SAMEA4233475	NO	
SAMEA4233476	NO	
SAMEA4233477	NO	
SAMEA4233470	NO	
SAMEA4233471	NO	
SAMEA4233528	NO	
SAMEA4233534	NO	
SAMEA4233533	NO	
SAMEA4233536	NO	
SAMEA4233535	NO	
SAMEA4233448	NO	
SAMEA4233444	NO	
SAMEA4233438	NO	
SAMEA4233457	NO	
SAMEA4233453	NO	
SAMEA4233455	NO	
SAMEA4233450	NO	
SAMEA4233449	NO	
SAMN03733543	NO	
SAMEA4126804	NO	
SAMEA4126805	NO	
SAMEA4126799	NO	
SAMEA4126802	NO	
SAMEA4126801	NO	
SAMEA4126800	NO	
SAMEA4135057	NO	
SAMEA4135056	NO	
SAMEA4135055	NO	
SAMEA4135054	NO	
SAMN04537371	YES	GCF_001663415.1
SAMEA4134837	NO	
SAMEA4134839	NO	
SAMEA4132173	NO	
SAMEA4132174	NO	
SAMEA4132172	NO	
SAMEA4135476	NO	
SAMEA4135475	NO	
SAMEA4135477	NO	
SAMEA4156329	NO	
SAMEA4156330	NO	
SAMEA4156341	NO	
SAMEA4156340	NO	
SAMEA4156336	NO	
SAMEA4156345	NO	
SAMEA4156335	NO	
SAMEA4156344	NO	
SAMEA4156338	NO	
SAMEA4156343	NO	
SAMEA4156337	NO	
SAMEA4156342	NO	
SAMEA4156332	NO	
SAMEA4156331	NO	
SAMEA4156334	NO	
SAMEA4156346	NO	
SAMEA4156333	NO	
SAMN04216073	YES	GCF_001696875.1
SAMN04216072	YES	GCF_001696845.1
SAMN04216071	YES	GCF_001696855.1
SAMN04216070	YES	GCF_001696865.1
SAMN04123299	YES	GCF_001587155.1
SAMN04123295	YES	GCF_001587135.1
SAMN04158631	YES	GCF_001484095.1
SAMN04272895	NO	
SAMN04272894	NO	
SAMN04272892	NO	
SAMN04272891	NO	
SAMN04272886	NO	
SAMN04155560	NO	
SAMN03402637	YES	GCF_001299555.1
SAMN03765658	YES	GCA_001267515.1
SAMN03197780	YES	GCF_001065525.1
SAMN02863150	YES	GCF_000710135.2
SAMN00188652	NO	
SAMN00188602	NO	
SAMN00188527	NO	
SAMN00188438	NO	
SAMN00188437	NO	
SAMN00184333	NO	
SAMN00183590	NO	
SAMN02603411	YES	GCF_000215325.1
SAMN02472178	YES	GCF_000223115.1
SAMN02471768	YES	GCF_000167955.1
SAMN02470050	YES	GCF_000430925.2
SAMN03072852	NO	
SAMN03069321	NO	
SAMN03069318	NO	
SAMN03069316	NO	
SAMN03069315	NO	
SAMN03069116	NO	
SAMN03069115	NO	
SAMN03069114	NO	
SAMN03069113	NO	
SAMN03069112	NO	
SAMN03069109	NO	
SAMN03069108	NO	
SAMN03009990	YES	GCF_000750585.1
SAMN03009966	YES	GCF_000750575.1
SAMN03009919	YES	GCF_000749995.1
SAMN02821162	YES	GCF_000710695.1
SAMN02602917	YES	GCF_000671315.1
SAMN02444146	YES	GCF_000671335.1
SAMN02364222	NO	
