																													
173	SAMN27356574 	 		RAL_AA0521AA 	173		Ralstonia solanacearum	Ralstonia solanacearum (Smith 1896) Yabuuchi et al. 1996	Pseudomonas solanacearum (Smith 1896) 1914	No											Kenya	1945	R.M. Nattrass			Solanum tuberosum	ICPB PS101	Biovar II. Partial gene sequencing (egl) suggests this organism is Race 3.	
215	SAMN27356503 	 		RAL_AA0241AA 	215	2nd VC completed 2024 - HB	Ralstonia pseudosolanacearum	Ralstonia solanacearum (Smith 1896) Yabuuchi et al. 1996	Pseudomonas solanacearum (Smith 1896) 1914	No											Zimbabwe	1948	G.R. Bates	7092		Solanum lycopersicum		Biovar I. Not pathogenic to Solanum lycopersicum (NCPPB).	
216	SAMN16125516 	 	GCF_015910735.1 		216		Ralstonia pseudosolanacearum	Ralstonia solanacearum (Smith 1896) Yabuuchi et al. 1996	Pseudomonas solanacearum (Smith 1896) 1914	No											Zimbabwe	1948	G.R. Bates	7754		Solanum tuberosum		Biovar I. Not pathogenic to Solanum lycopersicum (NCPPB).	
253	SAMN16125517 SAMN27356589 	  	GCF_015910695.1 	RAL_AA0283AA 	253	Light blue amps found.(7) Have possibly been made and not recorded on system. Viability check carried out on light blue (batch IV) amps. HB 04/01/2023	Ralstonia pseudosolanacearum	Ralstonia solanacearum (Smith 1896) Yabuuchi et al. 1996	Pseudomonas solanacearum (Smith 1896) 1914	No						1949		G. Orian B14			Mauritius	1949				Casuarina equisetifolia		Biovar III	
282	SAMN03009966 SAMN04216072 SAMN22612330 SAMN27356500 	 UW491   	GCF_000750575.1 GCF_001696845.1 GCF_023076005.1 	RAL_AA0977AA RAL_AA0701AA RAL_AA0462AA 	282	2nd VC completed 2026 MB TMTC	Ralstonia solanacearum	Ralstonia solanacearum (Smith 1896) Yabuuchi et al. 1996	Pseudomonas solanacearum (Smith 1896) 1914	No						1950					Colombia	1950	J.G. Hawkes			Solanum tuberosum	ICPB PS149	Biovar II.	
283	SAMEA247340 SAMEA4156335 	  			283	2nd VC completed 2026 MB TMTC	Ralstonia pseudosolanacearum	Ralstonia solanacearum (Smith 1896) Yabuuchi et al. 1996	Pseudomonas solanacearum (Smith 1896) 1914	No						1950					Zimbabwe	1950	G.R. Bates	7195		Solanum panduraforme		Biovar I.	
325	SAMN16125519 SAMN27356651 	  	GCF_015910705.1 	RAL_AA0305AA 	325	"Historically known as K 60. Added to the MALDI-TOF library on 19/10/2022 (SMSA, SPA, TSBA, b.TSBA)."	Ralstonia solanacearum	Ralstonia solanacearum (Smith 1896) Yabuuchi et al. 1996	Pseudomonas solanacearum (Smith 1896) 1914	No											USA	1953	A. Kelman	60-1		Solanum lycopersicum	"ATCC 11696, ICPB PS256, ICMP 5712, CFBP 2047, SMT41, LMG 2299, DSMZ 9544, CCUG 1"	"Race 1 Biovar I. SMT reference strain (EC official method),"	
326					326	Freeze dried to SOP PLH/808 - NO post drying tests carried out.	Ralstonia solanacearum	Ralstonia solanacearum (Smith 1896) Yabuuchi et al. 1996	Pseudomonas solanacearum (Smith 1896) 1914	No											USA	1953	A. Kelman	119				Biovar I.	
332	SAMEA4126800 SAMEA4126801 SAMEA4126802 SAMEA4126805 SAMEA768134 SAMEA768135 SAMEA768137 SAMEA768138 SAMN22612359 	         	GCF_023075415.1 	RAL_AA0065AA 	332		Ralstonia pseudosolanacearum	Ralstonia solanacearum (Smith 1896) Yabuuchi et al. 1996	Pseudomonas solanacearum (Smith 1896) 1914	No						1954					Zimbabwe	1954	G.R. Bates	SRN 15		Solanum tuberosum		Biovar I	
337					337	Freeze dried to SOP PLH/808 - NO post drying tests carried out.	Ralstonia solanacearum	Ralstonia solanacearum (Smith 1896) Yabuuchi et al. 1996	Pseudomonas solanacearum (Smith 1896) 1914	No											USA	1954	A. Kelman			Nicotiana tabacum	ICPB PS124	Biovar I	
338					338	2nd VC completed 2026 MB TMTC	Ralstonia solanacearum	Ralstonia solanacearum (Smith 1896) Yabuuchi et al. 1996	Pseudomonas solanacearum (Smith 1896) 1914	No											USA	1954	A. Kelman			Nicotiana tabacum	ICPB PS125	Biovar I	
339					339	REQ. REDRY N.A.	Ralstonia solanacearum	Ralstonia solanacearum (Smith 1896) Yabuuchi et al. 1996	Pseudomonas solanacearum (Smith 1896) 1914	No											Israel	1954	Z. Volcani	80				Biovar II.	
342					342		Ralstonia pseudosolanacearum	Ralstonia solanacearum (Smith 1896) Yabuuchi et al. 1996	Pseudomonas solanacearum (Smith 1896) 1914	No								G.R. Bates MR12288			Zimbabwe	1954				Nicotiana tabacum.		Biovar I.	
446					446		Ralstonia solanacearum	Ralstonia solanacearum (Smith 1896) Yabuuchi et al. 1996	Pseudomonas solanacearum (Smith 1896) 1914	No						1957		A.C. Hayward			Trinidad	1957				Musa sp	ICPB PS150	Biovar I.	
500					500		Ralstonia pseudosolanacearum	Ralstonia solanacearum (Smith 1896) Yabuuchi et al. 1996	Pseudomonas solanacearum (Smith 1896) 1914							1956		ex G. Orian			Mauritius	1957	W.J. Dowson	381		Vicia faba		Biovar III. Phylotype I (NCPPB May 2021)	
501					501		Ralstonia pseudosolanacearum	Ralstonia solanacearum (Smith 1896) Yabuuchi et al. 1996	Pseudomonas solanacearum (Smith 1896) 1914							1956		ex G. Orian			Mauritius	1957	W.J. Dowson	382		Brassica oleracea var. capitata		Biovar III. Phylotype I (NCPPB May 2021)	
502					502	Freeze dried to SOP PLH/808 - NO post drying tests carried out.	Ralstonia pseudosolanacearum	Ralstonia solanacearum (Smith 1896) Yabuuchi et al. 1996	Pseudomonas solanacearum (Smith 1896) 1914							1956		ex G. Orian			Mauritius	1957	W.J. Dowson	383		Casuarina equisetifolia		Biovar III. Phylotype I (NCPPB May 2021)	
503					503		Ralstonia pseudosolanacearum	Ralstonia solanacearum (Smith 1896) Yabuuchi et al. 1996	Pseudomonas solanacearum (Smith 1896) 1914							1956		ex G. Orian			Mauritius	1957	W.J. Dowson	384		Dahlia sp		Biovar III. Phylotype I (NCPPB May 2021)	
505					505		Ralstonia pseudosolanacearum	Ralstonia solanacearum (Smith 1896) Yabuuchi et al. 1996	Pseudomonas solanacearum (Smith 1896) 1914							1956		ex G.R. Bates			Zimbabwe	1957	W.J. Dowson	387		Symphytum sp		Biovar I.	
613					613	VC failed 12/01/2024. reinstate public access when new batch is created	Ralstonia solanacearum	Ralstonia solanacearum (Smith 1896) Yabuuchi et al. 1996	Pseudomonas solanacearum (Smith 1896) 1914							1958		ex A. Ciccarrone			Brazil	1958	W.J. Dowson	421		Solanum tuberosum		Biovar II	
616					616		Ralstonia solanacearum	Ralstonia solanacearum (Smith 1896) Yabuuchi et al. 1996	Pseudomonas solanacearum (Smith 1896) 1914							1957		ex J.A. Spence			Trinidad	1959	W.J. Dowson			Solanum lycopersicum		Biovar I	
643	SAMN27356513 	 		RAL_AA0388AA 	643		Ralstonia solanacearum	Ralstonia solanacearum (Smith 1896) Yabuuchi et al. 1996	Pseudomonas solanacearum (Smith 1896) 1914							1959		W.J. Dowson 369			Cyprus	1959				Solanum tuberosum		Biovar II	
787	SAMN27356504 	 			787	When grown on SPA appears A-Typical until culture 4 days old. Does not produce brown pigmentaion on TSBA.	Ralstonia solanacearum	Ralstonia solanacearum (Smith 1896) Yabuuchi et al. 1996	Pseudomonas solanacearum (Smith 1896) 1914									ex I.W. Buddenhagen 100			Costa Rica	1960	A.C. Hayward	77732		Musa sp	ICPB PS138	Biovar I.	
788					788		Ralstonia solanacearum	Ralstonia solanacearum (Smith 1896) Yabuuchi et al. 1996	Pseudomonas solanacearum (Smith 1896) 1914									ex I.W. Buddenhagen 139			Costa Rica	1960	A.C. Hayward	77733		Musa sp.		Biovar I.	
789					789	Freeze dried to SOP PLH/808 - NO post drying tests carried out.	Ralstonia solanacearum	Ralstonia solanacearum (Smith 1896) Yabuuchi et al. 1996	Pseudomonas solanacearum (Smith 1896) 1914									ex I.W. Buddenhagen 258			Honduras	1960	A.C. Hayward	77734		Musa sp.		Biovar 1.	
790					790		Ralstonia pseudosolanacearum	Ralstonia solanacearum (Smith 1896) Yabuuchi et al. 1996	Pseudomonas solanacearum (Smith 1896) 1914									ex I.W. Buddenhagen 217			Costa Rica	1960	A.C. Hayward	77735		Physalis angulata	ATCC 33192	Biovar III. Phylotype I (NCPPB May 2021)	
791					791		Ralstonia pseudosolanacearum	Ralstonia solanacearum (Smith 1896) Yabuuchi et al. 1996	Pseudomonas solanacearum (Smith 1896) 1914									ex I.W. Buddenhagen 280			Costa Rica	1960	A.C. Hayward	77736		Eclipta alba		Biovar III. Phylotype I (NCPPB May 2021)	
792					792	REQ. REDRY N.A.CHECK VC IN 5 YEARS	Ralstonia pseudosolanacearum	Ralstonia solanacearum (Smith 1896) Yabuuchi et al. 1996	Pseudomonas solanacearum (Smith 1896) 1914									ex S.J. Navaratnam			Malaysia	1960	A.C. Hayward	79918		Tectona grandis.		Biovar III. Phylotype I (NCPPB May 2021)	
909	SAMN02821162 SAMN27356515 	  	GCF_000710695.1 	RAL_AA0386AA 	909		Ralstonia solanacearum	Ralstonia solanacearum (Smith 1896) Yabuuchi et al. 1996	Pseudomonas solanacearum (Smith 1896) 1914							1961		R.A. Lelliott			Egypt	1961				Solanum tuberosum		Biovar II	
927	SAMN30822110 	 			927		Ralstonia solanacearum	Ralstonia sp.								1961		ex I.A.S. Gibson			USA	1961	A.C. Hayward	B490		Saccharum officinarum		"Taxon B (Hayward, 1962). Fatty acids typical of Ralstonia but BOX profile not typical of any R.sol bvs. Phylotype II (NCPPB 2021)"	
928					928		Ralstonia psuedosolanacearum									1956		ex J.A Spence			Jamaica	1961	A.C Hayward	B213		Saccharum officinarum		"Taxon B (Hayward, 1962). Fatty acids typical of Ralstonia but BOX profile not typical of any R.sol bvs. Phylotype III (NCPPB May 2021)"	
945					945	CHECK VC IN 5 YEARS	Burkholderia cepacia	Burkholderia cepacia (ex Burkholder 1950) Yabuuchi et al. 1993	Pseudomonas cepacia													1961	ICPB PC22		ex W.H. Burkholder		SMT 55	WGS confirms this strain is B. cepacia (NCPPB March 2025). Cross reacts with Ralstonia solanacearum polyclonal antisera	
1018	SAMN27356470 	 		RAL_AA0551AA 	1018		Ralstonia pseudosolanacearum	Ralstonia solanacearum (Smith 1896) Yabuuchi et al. 1996	Pseudomonas solanacearum (Smith 1896) 1914							1961		M. de L. d'Oliveira			Angola	1961				Solanum tuberosum		Biovar I	
1019	SAMN27356619 	 		RAL_AA0498AA 	1019		Ralstonia solanacearum	Ralstonia solanacearum (Smith 1896) Yabuuchi et al. 1996	Pseudomonas solanacearum (Smith 1896) 1914							1960		M. de L. d'Oliveira			Portugal	1961				Solanum lycopersicum		Biovar II.	
1028	SAMN27356575 	 		RAL_AA0520AA 	1028	Failed VC 2025 refreezedry	Ralstonia solanacearum	Ralstonia solanacearum (Smith 1896) Yabuuchi et al. 1996	Pseudomonas solanacearum (Smith 1896) 1914							1961		A.C. Hayward B587			Kenya	1961				Solanum tuberosum		Biovar II	
1029	SAMN27356536 	 		RAL_AA0537AA 	1029	Taken off public access due to low ampoule count 27/11/24	Ralstonia pseudosolanacearum		Pseudomonas solanacearum (Smith 1896) 1914							1961					Reunion	1961	A.C.Hayward	B509		Pelargonium capitatum		Biovar I.	
1045	SAMN27356576 	 		RAL_AA0519AA 	1045	Removed public access due to low stock. Reinstate public access when new batch is created.	Ralstonia pseudosolanacearum	Ralstonia solanacearum (Smith 1896) Yabuuchi et al. 1996	Pseudomonas solanacearum (Smith 1896) 1914	No						1961		ex I.D. Firman			Kenya	1961	A.C. Hayward	B592		Solanum melongena		Biovar III. Phylotype I (NCPPB May 2021)	
1049	SAMN27356577 	 		RAL_AA0518AA 	1049	REQ. REDRY N.A.	Ralstonia solanacearum	Ralstonia solanacearum (Smith 1896) Yabuuchi et al. 1996	Pseudomonas solanacearum (Smith 1896) 1914	No						1961		A.C. Hayward B629			Kenya	1961				Solanum lycopersicum		Biovar II	
1052	SAMN27356585 	 		RAL_AA0509AA 	1052		Ralstonia pseudosolanacearum	Ralstonia solanacearum (Smith 1896) Yabuuchi et al. 1996	Pseudomonas solanacearum (Smith 1896) 1914	No						1961		A.C. Hayward B669			Malaysia	1961				Zingiber officinale	ICPB PS 297	Biovar IV.	
1115	SAMN27356516 	 		RAL_AA0385AA 	1115		Ralstonia solanacearum	Ralstonia solanacearum (Smith 1896) Yabuuchi et al. 1996	Pseudomonas solanacearum (Smith 1896) 1914	No						1961		R.A. Lelliott VI			Egypt	1962				Solanum tuberosum		Biovar II.	
1123	SAMN27356603 	 		RAL_AA0448AA 	1123		Ralstonia pseudosolanacearum	Ralstonia solanacearum (Smith 1896) Yabuuchi et al. 1996	Pseudomonas solanacearum (Smith 1896) 1914	No						1961		ex D. Shaw 3363			Papua New Guinea	1962	A.C. Hayward	B786A		Solanum lycopersicum		Biovar IV	
1127					1127	REQ. REDRY N.A.	Robbsia andropogonis	Burkholderia andropogonis (Smith 1911) Gillis et al. 1995	Pseudomonas stizolobii	No						1961		ex A. Rothwell MR 17197			Zimbabwe	1962	A.C. Hayward	B783		Bougainvillea sp.	SMT 53	Cross reacts with Ralstonia solanacearum polyclonal antisera	
1140	SAMN27356604 	 		RAL_AA0447AA 	1140		Ralstonia pseudosolanacearum	Ralstonia solanacearum (Smith 1896) Yabuuchi et al. 1996	Pseudomonas solanacearum (Smith 1896) 1914	No						1961		A.C. Hayward B788			Papua New Guinea	1962				Solanum lycopersicum		Biovar III. Phylotype I (NCPPB May 2021)	
1225	SAMN27356622 	 		RAL_AA0494AA 	1225		Ralstonia solanacearum	Ralstonia solanacearum (Smith 1896) Yabuuchi et al. 1996	Pseudomonas solanacearum (Smith 1896) 1914	No						1958		ex A.C. Monllor			Puerto Rico	1962	J.E. Perez	PR65		Solanum lycopersicum		Biovar I.	
1226	SAMN27356623 	 		RAL_AA0493AA 	1226	2nd VC done 2026 MB 5.3x10^5	Ralstonia solanacearum	Ralstonia solanacearum (Smith 1896) Yabuuchi et al. 1996	Pseudomonas solanacearum (Smith 1896) 1914	No						1958		ex A.C. Monllor			Puerto Rico	1962	J.E. Perez	PR69		Solanum lycopersicum		Biovar I.	
1323	SAMN27356633 	 		RAL_AA0483AA 	1323	2nd VC completed 2023 - HB	Ralstonia solanacearum	Ralstonia solanacearum (Smith 1896) Yabuuchi et al. 1996	Pseudomonas solanacearum (Smith 1896) 1914	No						1962		A.C. Hayward B1114			Sri Lanka	1962				Solanum tuberosum		Biovar II.	
1331	SAMN27356553 	 		RAL_AA0413AA 	1331	stored at -80. LFD+	Ralstonia solanacearum	Ralstonia solanacearum (Smith 1896) Yabuuchi et al. 1996	Pseudomonas solanacearum (Smith 1896) 1914	No						1962		A.C. Hayward B1202			India	1962				Solanum tuberosum		Biovar II.	
1333	SAMN27356554 	 		RAL_AA0210AA 	1333	Failed VC 2025 refreezedry	Ralstonia solanacearum	Ralstonia solanacearum (Smith 1896) Yabuuchi et al. 1996	Pseudomonas solanacearum (Smith 1896) 1914	No						1962		A.C. Hayward B1203			India	1962				Solanum tuberosum		Biovar II.	
1400					1400	2nd VC completed 2025 MB	Ralstonia pseudosolanacearum	Ralstonia solanacearum (Smith 1896) Yabuuchi et al. 1996	Pseudomonas solanacearum (Smith 1896) 1914	No						1962		ex W.H. Sutton				1963	A.C. Hayward	B1364		Solanum lycopersicum		Biovar IV. Phylotype I (NCPPB May 2021)	
1483	SAMN27356471 	 		RAL_AA0550AA 	1483		Ralstonia solanacearum	Ralstonia solanacearum (Smith 1896) Yabuuchi et al. 1996	Pseudomonas solanacearum (Smith 1896) 1914	No						1963		A.C. Hayward B1736			Australia	1963				Solanum tuberosum		Biovar II.	
1484	SAMN27356594 	 		RAL_AA0457AA 	1484		Ralstonia solanacearum	Ralstonia solanacearum (Smith 1896) Yabuuchi et al. 1996	Pseudomonas solanacearum (Smith 1896) 1914	No						1963		ex A. Felix F76			Mauritius	1963	A.C. Hayward	B1730		Strelitzia reginae		Biovar III. Phylotype II (NCPPB 2021)	
1485	SAMN27356595 	 		RAL_AA0456AA 	1485	REQ. REDRY N.A. - cannot locate batch IV - redrying w/c 26.2.24	Ralstonia pseudosolanacearum	Ralstonia solanacearum (Smith 1896) Yabuuchi et al. 1996	Pseudomonas solanacearum (Smith 1896) 1914	No						1963		ex A. Felix F74			Mauritius	1963	A.C. Hayward	B1728		Phaseolus vulgaris		Biovar III. Phylotype I (NCPPB May 2021)	
1486	SAMN30821937 	 			1486	2nd VC completed 2026-MB TMTC	Ralstonia pseudosolanacearum	Ralstonia solanacearum (Smith 1896) Yabuuchi et al. 1996	Pseudomonas solanacearum (Smith 1896) 1914	No						1963		A.C. Hayward B1721			Uganda	1963				Arachis hypogaea		Biovar III.	
1489	SAMN27356583 	 		RAL_AA0511AA 	1489	Freeze dried to SOP PLH/808 - NO post drying tests carried out.	Ralstonia solanacearum	Ralstonia solanacearum (Smith 1896) Yabuuchi et al. 1996	Pseudomonas solanacearum (Smith 1896) 1914	No						1963		R.A. Lelliott			Madeira	1963				Solanum tuberosum		Biovar II	
1493					1493	Deleted	Ralstonia solanacearum	Ralstonia solanacearum (Smith 1896) Yabuuchi et al. 1996	Pseudomonas solanacearum (Smith 1896) 1914	No						1959		ex A.C. Monllor			Puerto Rico	1963	J.E. Perez	PR81		Solanum lycopersicum		Biovar I.	
1500	SAMN27356534 	 		RAL_AA0539AA 	1500	2nd VC completed 2024 - HB Removed public access due to low stock. Reinstate public access when new batch is created.	Ralstonia solanacearum	Ralstonia solanacearum (Smith 1896) Yabuuchi et al. 1996	Pseudomonas solanacearum (Smith 1896) 1914	No						1963		A.C. Hayward B1863			Fiji	1963				Solanum tuberosum		Biovar III	
1579	SAMN27356655 	 		RAL_AA0480AA 	1579		Ralstonia pseudosolanacearum	Ralstonia solanacearum (Smith 1896) Yabuuchi et al. 1996	Pseudomonas solanacearum (Smith 1896) 1914	No						1961		ex V.L. Quinon			Hawaii	1963	A.C. Hayward	B2061	ex M. Aragaki GW	Zingiber officinale	ATCC 33194	Biovar IV. Race 1.	
1580	SAMN27356654 	 		RAL_AA0303AA 	1580		Ralstonia pseudosolanacearum	Ralstonia solanacearum (Smith 1896) Yabuuchi et al. 1996	Pseudomonas solanacearum (Smith 1896) 1914	No						1959		ex M. Aragaki TW			Hawaii	1963	A.C. Hayward	B2062	.	Solanum lycopersicum		Biovar IV	
1584	SAMN27356514 	 		RAL_AA0387AA 	1584	2nd VC completed 2025 MB	Ralstonia solanacearum	Ralstonia solanacearum (Smith 1896) Yabuuchi et al. 1996	Pseudomonas solanacearum (Smith 1896) 1914	No						1963		R.A. Lelliott			Cyprus	1963				Solanum tuberosum	"SMT23, CFBP 4598"	"Biovar II.SMT reference strain (EC official method),"	
1614	SAMN27356586 	 		RAL_AA0508AA 	1614		Ralstonia solanacearum	Ralstonia solanacearum (Smith 1896) Yabuuchi et al. 1996	Pseudomonas solanacearum (Smith 1896) 1914	No						1964		A.C. Hayward B2217			Malaysia	1964				Solanum tuberosum		Biovar II.	
1621	SAMN27356593 	 		RAL_AA0458AA 	1621		Ralstonia pseudosolanacearum	Ralstonia solanacearum (Smith 1896) Yabuuchi et al. 1996	Pseudomonas solanacearum (Smith 1896) 1914	No						1960		A.C. Hayward B394B			Mauritius	1964				Solanum tuberosum		Carbohydrate metabolism different from Biotypes I-IV. Phylotype I (NCPPB May 2021)	
1695	SAMN30821936 	 			1695		Ralstonia solanacearum	Ralstonia sp.		No						1965					Tanzania	1965	A.C. Hayward	B2669	ex D.R.W. Watson	Saccharum officinarum		"Taxon B (Hayward, 1962). Fatty acids typical of Ralstonia but BOX profile not typical of any R.sol bvs. Phylotype II (NCPPB May 2021)"	
1702	SAMN27356535 	 		RAL_AA0538AA 	1702		Ralstonia pseudosolanacearum	Ralstonia solanacearum (Smith 1896) Yabuuchi et al. 1996	Pseudomonas solanacearum (Smith 1896) 1914							1964		A.C. Hayward B2122			Fiji	1965				Solanum tuberosum		Biovar III.	
1703	SAMN27356599 	 		RAL_AA0453AA 	1703	2nd VC completed 2023 - HB	Ralstonia solanacearum	Ralstonia solanacearum (Smith 1896) Yabuuchi et al. 1996	Pseudomonas solanacearum (Smith 1896) 1914							1965		A.C. Hayward B2674			Netherlands	1965			.	Solanum tuberosum		Biovar II (atypical)	
1763	SAMN27356631 	 		RAL_AA0485AA 	1763	2nd VC done 2026 MB 7.2x10^8	Ralstonia pseudosolanacearum	Ralstonia solanacearum (Smith 1896) Yabuuchi et al. 1996	Pseudomonas solanacearum (Smith 1896) 1914	No						1965		R. A. Lelliott Ps1			Seychelles	1965				Solanum lycopersicum		Biovar III. Phylotype I (NCPPB May 2021)	
1789	SAMN27356543 	 		RAL_AA0530AA 	1789	"Thrown away batch IV, Re dry batch III LB 27/07/2012"	Ralstonia solanacearum	Ralstonia solanacearum (Smith 1896) Yabuuchi et al. 1996	Pseudomonas solanacearum (Smith 1896) 1914	No						1965		C.G. Panagopoulos 8			Greece	1966				Solanum tuberosum			
1824	SAMN27356517 	 		RAL_AA0384AA 	1824		Ralstonia solanacearum	Ralstonia solanacearum (Smith 1896) Yabuuchi et al. 1996	Pseudomonas solanacearum (Smith 1896) 1914	No						1966		J. Oxtoby Psl			Egypt	1966				Solanum tuberosum		Biovar II.	
2015	SAMN27356544 	 		RAL_AA0529AA 	2015	Freeze dried to SOP PLH/808 - NO post drying tests carried out.	Ralstonia solanacearum	Ralstonia solanacearum (Smith 1896) Yabuuchi et al. 1996	Pseudomonas solanacearum (Smith 1896) 1914	No						1967					Greece	1967	J. Oxtoby A32			Solanum tuberosum		Phylotype II (NCPPB 2021)	
2088	SAMN27356600 	 		RAL_AA0451AA 	2088		Ralstonia solanacearum	Ralstonia solanacearum (Smith 1896) Yabuuchi et al. 1996	Pseudomonas solanacearum (Smith 1896) 1914							1968		D.C. Graham			Nigeria	1968				Solanum tuberosum		Biovar II.	
2152					2152		Ralstonia pseudosolanacearum	Ralstonia solanacearum (Smith 1896) Yabuuchi et al. 1996	Pseudomonas solanacearum (Smith 1896) 1914													1969	ICPB PS121					Phylotype I (NCPPB 2021)	
2153					2153	"2nd VC completed 2012, 3rd VC completed 2023 (HB)"	Ralstonia solanacearum	Ralstonia solanacearum (Smith 1896) Yabuuchi et al. 1996	Pseudomonas solanacearum (Smith 1896) 1914							1945						1969	ICPB PS122		ex A. Kelman	Arachis hypogaea		Phylotype II (NCPPB 2021)	
2154	SAMN27356503 	 		RAL_AA0241AA 	2154	"2nd VC completed 2016, 3rd VC completed 2023 - HB"	Ralstonia solanacearum	Ralstonia solanacearum (Smith 1896) Yabuuchi et al. 1996	Pseudomonas solanacearum (Smith 1896) 1914							1958					Costa Rica	1969	ICPB PS168-200		ex A. Kelman	Heliconia sp.			
2156					2156	Freeze dried to SOP PLH/808 - NO post drying tests carried out.	Ralstonia solanacearum	Ralstonia solanacearum (Smith 1896) Yabuuchi et al. 1996	Pseudomonas solanacearum (Smith 1896) 1914	No						1953						1969	ICPB PS123		ex A. Kelman	Solanum lycopersicum		Phylotype II (NCPPB 2021)	
2198	SAMN27356642 	 			2198	"Pathogenic to tomato plant, December 2023. Further tests required. VC Failed 12/05/2023. Do not reinstate public access until a new batch is created."	Ralstonia pseudosolanacearum															1970						SPA	
2199	SAMN27356588 	 		RAL_AA0507AA 	2199	2nd VC done 2026 MB 6.2x10^8\xCA	Ralstonia solanacearum	Ralstonia solanacearum (Smith 1896) Yabuuchi et al. 1996	Pseudomonas solanacearum (Smith 1896) 1914Pseudomonas solanacearum (Smith 1896) 1914	No						1965		B. Digat Mar An 1			Martinique	1969				Solanum melongena	INRA 69.1165	Phylotype II (NCPPB 2021)	
2200	SAMN27356537 	 		RAL_AA0536AA 	2200	2ND VC rpt	Ralstonia solanacearum	Ralstonia solanacearum (Smith 1896) Yabuuchi et al. 1996	Pseudomonas solanacearum (Smith 1896) 1914							1966		B. Digat Gua To 2			Guadeloupe	1969				Solanum lycopersicum	INRA 69.1161	Phylotype II (NCPPB 2021)	
2201	SAMN27356643 	 		RAL_AA0430AA 	2201	2nd VC completed 2023 - HB	Ralstonia solanacearum	Ralstonia solanacearum (Smith 1896) Yabuuchi et al. 1996	Pseudomonas solanacearum (Smith 1896) 1914							1968		B. Digat Tri To 3			Trinidad	1969				Solanum lycopersicum	INRA 69.11730	Phylotype II (NCPPB 2021)	
2202					2202		Burkholderia sp.	Ralstonia solanacearum (Smith 1896) Yabuuchi et al. 1996	Pseudomonas solanacearum (Smith 1896) 1914							1968		B. Digat Tri Ba 4			Trinidad	1969				Musa sp.	INRA 69.11700	Identified as Burkholderia sp. 04/10/2000	
2203					2203		Ralstonia solanacearum	Ralstonia solanacearum (Smith 1896) Yabuuchi et al. 1996	Pseudomonas solanacearum (Smith 1896) 1914							1965		B. Digat Gua To 1			Guadeloupe	1969				Solanum lycopersicum	INRA 68.1038	Phylotype II (NCPPB 2021)	
2204	SAMN27356539 	 		RAL_AA0534AA 	2204	"1st VC - 11.12.1992 - 0.07 vacuum, 5.6x10^8 colony count; 2nd VC"	Ralstonia pseudosolanacearum	Ralstonia solanacearum (Smith 1896) Yabuuchi et al. 1996	Pseudomonas solanacearum (Smith 1896) 1914	No						1968		B. Digat Guy To 1			French Guyana	1969				Solanum lycopersicum	INRA 69.11660	Phylotype I (NCPPB 2021)	
2245	SAMN27356472 	 		RAL_AA0353AA 	2245		Ralstonia pseudosolanacearum	Ralstonia solanacearum (Smith 1896) Yabuuchi et al. 1996	Pseudomonas solanacearum (Smith 1896) 1914	No						1969		ex S. Aldrich 236			Australia	1969	J.F. Bradbury	B4050		Stylosanthes humulis		Biovar IV. Phylotype I (NCPPB 2021)	
2312					2312	DELETED RECORD stored at -80	Ralstonia solanacearum	Ralstonia solanacearum (Smith 1896) Yabuuchi et al. 1996	Pseudomonas solanacearum (Smith 1896) 1914												USA	1970	L. Sequeira	K60		Solanum lycopersicum		Probably = NCPPB 325. Biovar I (NCPPB). Race 1.	
2313					2313		Ralstonia solanacearum	Ralstonia solanacearum (Smith 1896) Yabuuchi et al. 1996	Pseudomonas solanacearum (Smith 1896) 1914												Costa Rica	1970	L. Sequeira S-123			Eupatorium sp.		Phylotype II (NCPPB 2021)	
2314					2314		Ralstonia solanacearum	Ralstonia solanacearum (Smith 1896) Yabuuchi et al. 1996	Pseudomonas solanacearum (Smith 1896) 1914	No											Colombia	1970	L. Sequeira	S-210;		Plantago sp.		Race 1.	
2315	SAMN27356611 	 		RAL_AA0440AA 	2315	2ND VC rpt	Ralstonia solanacearum	Ralstonia solanacearum (Smith 1896) Yabuuchi et al. 1996	Pseudomonas solanacearum (Smith 1896) 1914												Peru	1970	L. Sequeira	S-223		Musa sp.		Race 2.	
2316					2316	2ND VC 2014 rpt. 3rd VC 2024	Ralstonia solanacearum	Ralstonia solanacearum (Smith 1896) Yabuuchi et al. 1996	Pseudomonas solanacearum (Smith 1896) 1914												Australia	1970	L. Sequeira	S-243		Solanum tuberosum		Race 3.	
2484	SAMN27356644 	 		RAL_AA0429AA 	2484	REQ. REDRY N.A.	Ralstonia pseudosolanacearum	Ralstonia solanacearum (Smith 1896) Yabuuchi et al. 1996	Pseudomonas solanacearum (Smith 1896) 1914							1969		J.F. Bradbury B4084			Uganda	1972				Arachis hypogaea		Biovar III.	
2505	SAMN27356635 	 		RAL_AA0481AA 	2505	"FAP SI is low, ~.350"	Ralstonia solanacearum	Ralstonia solanacearum (Smith 1896) Yabuuchi et al. 1996	Pseudomonas solanacearum (Smith 1896) 1914							1972		K. Olssen Ps10			Sweden	1973				Solanum tuberosum	"SMT24, CFBP 4599"	"Biovar II (NCPPB).SMT reference strain (EC official method),"	
2796	SAMN27356637 	 		RAL_AA0311AA 	2796		Ralstonia solanacearum	Ralstonia solanacearum (Smith 1896) Yabuuchi et al. 1996	Pseudomonas solanacearum (Smith 1896) 1914							1974		K. Olssen Ps48			Sweden	1975				Solanum dulcamara		Race 3	
2797	SAMN27356636 	 		RAL_AA0437AA 	2797		Ralstonia solanacearum	Ralstonia solanacearum (Smith 1896) Yabuuchi et al. 1996	Pseudomonas solanacearum (Smith 1896) 1914							1974		K. Olssen Ps51			Sweden	1975				Solanum dulcamara		Race 3.	
2937	SAMN27356605 	 		RAL_AA0446AA 	2937	2nd VC	Ralstonia pseudosolanacearum	Ralstonia solanacearum (Smith 1896) Yabuuchi et al. 1996	Pseudomonas solanacearum (Smith 1896) 1914							1975		ex D. Shaw PNG 9600			Papua New Guinea	1977	J.F. Bradbury	B6209		Solanum tuberosum		Phylotype I (NCPPB 2021)	
3181	SAMN27356540 	 		RAL_AA0256AA 	3181	Failed VC 15/06/2023. Reinstate public access when new batch is created.	Ralstonia pseudosolanacearum																						
3190	SAMN27356587 	 		RAL_AA0294AA 	3190		Ralstonia pseudosolanacearum	Ralstonia solanacearum (Smith 1896) Yabuuchi et al. 1996	Pseudomonas solanacearum (Smith 1896) 1914							1978		ex T. Chan Mock 120			Malaysia	1982	J.F. Bradbury	B7667		Solanum lycopersicum			
3205	SAMN27356545 	 		RAL_AA0528AA 	3205		Ralstonia solanacearum	Ralstonia solanacearum (Smith 1896) Yabuuchi et al. 1996	Pseudomonas solanacearum (Smith 1896) 1914							1979		ex F.D. McDonald			Guyana	1982	J.F. Bradbury	B8365		Musa sp. (plantain).			
3214	SAMN27356555 	 			3214		Ralstonia solanacearum	Ralstonia solanacearum (Smith 1896) Yabuuchi et al. 1996	Pseudomonas solanacearum (Smith 1896) 1914							1980		ex S. Gananamickam B			India	1982	J.F. Bradbury	B8606		Musa sp.		"Although the strain has is recorded as coming from India ex Musa, the origin of the strain has not been verified."	
3217	SAMN27356634 	 		RAL_AA0482AA 	3217	2ND VC rpt. Failed VC 15/06/2023. Reinstate public access when new batch is created.	Ralstonia pseudosolanacearum																						
3219	SAMN16125518 SAMN30821931 SAMN56505471 	   	GCF_015910645.1 	RAL_AA1860AA 	3219	"2nd VC completed 2012, 3rd VC completed 2023 (HB)"	Ralstonia syzygii subsp. indonesiensis																						
3238	SAMN27356597 	 		RAL_AA0200AA 	3238	REQ. REDRY N.A.	Ralstonia solanacearum	Ralstonia solanacearum (Smith 1896) Yabuuchi et al. 1996	Pseudomonas solanacearum (Smith 1896) 1914							1982		J.E. Sellwood A1645			Netherlands	1982				Solanum tuberosum			
3362					3362	2ND VC rpt 2014. 3rd VC completed 2024- HB	Ralstonia pseudosolanacearum	Ralstonia solanacearum (Smith 1896) Yabuuchi et al. 1996	Pseudomonas solanacearum (Smith 1896) 1914												China	1985	Z. Xu	Z0-12				Phylotype I (NCPPB 2021)	
3445	SAMN16125520 SAMN30821933 SAMN56505472 	   	GCF_015910655.1 		3445		Ralstonia syzygii subsp. syzygii		Psuedomonas syzygii	No						1983		S. Eden-Green			Indonesia - Java	1985	S. Eden-Green	S442 (R002)		Syzygium aromaticum (clove)			
3446					3446	Taken off line until ID is confirmed. AA March 2025. Grows best on Sequeira (NCPPB modification) AA April 2024.2 pots of ampoules exist. Check both pots when counting stock.From amp S444. 2nd VC completed 2022. 3rd VC completed 2023- HB.	Ralstonia syzygii subsp. syzygii	Ralstonia syzygii Roberts et al. 1990	Pseudomonas syzygii							1980		S. Eden-Green			Indonesia (Sumatra)	1985	S. Eden-Green	"R001 , S444 , EDE83/38"		Syzygium aromaticum (clove)	"ATCC 49543, ICMP 10915, LMG 10661, DSM 7385"		
3594	SAMN27356501 	 		RAL_AA0461AA 	3594	REQ. REDRY N.A.	Ralstonia solanacearum	Ralstonia solanacearum (Smith 1896) Yabuuchi et al. 1996	Pseudomonas solanacearum (Smith 1896) 1914							1960		ex I. Buddenhagen			Colombia	1988	J.F. Bradbury	B305		Heliconia caribaea		Biovar 1	
3649	SAMN27356484 	 		RAL_AA0442AA 	3649	2nd VC completed 2015. 3rd VC completed 2023 - HB	Ralstonia solanacearum	Ralstonia solanacearum (Smith 1896) Yabuuchi et al. 1996	Pseudomonas solanacearum (Smith 1896) 1914							1979					Brazil	1990	J.R. Neto	ISBF 187		Musa sp.	ICMP 6782	Race 2.	
3650	SAMN27356485 	 		RAL_AA0497AA 	3650	2nd VC	Ralstonia solanacearum	Ralstonia solanacearum (Smith 1896) Yabuuchi et al. 1996	Pseudomonas solanacearum (Smith 1896) 1914							1979					Brazil	1990	J.R. Neto	ISBF 188		Musa sp.		Race 2.	
3725	SAMN27356558 SAMN42180103 	  	GCF_041734965.1 	RAL_AA0340AA RAL_AA1756AA 	3725	2nd VC done 2026-MB 2.2x10^6	Ralstonia syzygii subsp. celebesensis	Pseudomonas sp.(Banana blood disease)	Pseudomonas sp. (Banana blood disease)	No						1987		S. Eden-Green T334X			Indonesia - West Java	1990				Musa hybrid banana	ICMP 10000		
3726	SAMN27356560 SAMN42180104 	  		RAL_AA0408AA RAL_AA1755AA 	3726		Ralstonia syzygii subsp. celebesensis	Pseudomonas sp.(Banana blood disease)	Pseudomonas sp. (Banana blood disease)							1988		S. Eden-Green T389X			South Sulawesi	1990				Musa hybrid banana	"ICMP 10001, SMT 59"	"Cross reacts with Ralstonia solanacearum polyclonal antisera, Cross reacts with OLI 1/Y2 PCR primers"	
3727	SAMN16125521 SAMN27356562 SAMN42180105 	   	GCF_015910595.1 GCF_041734835.1 	RAL_AA0406AA RAL_AA1754AA 	3727	"2nd VC completed 2011, 3rd VC completed 2023 (HB)"	Ralstonia syzygii subsp. celebesensis																						
3728	SAMN27356563 SAMN42180106 	  	GCF_041228115.3 	RAL_AA0405AA RAL_AA1753AA 	3728	2ND VC done 2026 MB 4.3x10^4\xCA	Ralstonia syzygii subsp. celebesensis	Pseudomonas sp.(Banana blood disease)	Pseudomonas sp. (Banana blood disease)	No								S. Eden-Green T440X			Indonesia - North Sulawesi	1990				Musa hybrid banana	ICMP 10003		
3790					3790	"will not FAP. Taqman used for authenticity 20/2/02.GROWS BEST ON NPSA, PW & CS IN THAT ORDER. WILL NOT GROW ON CYE, OR TSBA. GROW ON NPSA FOR FAP'S. AUTHENTICATED BY TAQMAN PCR 20 FEB 2002 - NOT SYZIGII - 16S SEQUENCING SHOWS THEY ARE SPHINGOMONAS"	Ralstonia syzygii	Pseudomonas syzygii Roberts et al. 1990	Ralstonia syzygii Roberts et al. 1990	No								S. Eden-Green T329x			N. Sumatra	1992	S.Roberts			Syzygium aromaticum (clove)		TaqMan indicates authentic Ralstonia sp. Phylotype IV (NCPPB 2021)	
3791					3791	"Will not FAP. Taqman used to authenticate (20/2/02)GROWS BEST ON NPSA, PW & CS IN THAT ORDER. WILL NOT GROW ON CYE, OR TSBA. GROW ON NPSA FOR FAP'S. AUTHENTICATED BY TAQMAN PCR 20 FEB 2002 - NOT SYZIGII - 16S SEQUENCING SHOWS THEY ARE SPHINGOMONAS"	Ralstonia syzygii	Pseudomonas syzygii Roberts et al. 1990	Ralstonia syzygii Roberts et al. 1990	No								S. Eden-Green T326x			Indonesia - West Java	1992	S.Roberts			Syzygium aromaticum (clove)		TaqMan indicates authentic Ralstonia sp. Phylotype IV (NCPPB 2021)	
3792	SAMN27356556 SAMN56505473 	  		RAL_AA0411AA RAL_AA1858AA 	3792	"Will not FAP, Taqman used to authenticate 20/2/02.GROWS BEST ON NPSA, PW & CS IN THAT ORDER. WILL NOT GROW ON CYE, OR TSBA. GROW ON NPSA FOR FAP'S. AUTHENTICATED BY TAQMAN PCR 20 FEB 2002"	Ralstonia syzygii subsp. syzygii	Pseudomonas syzygii Roberts et al. 1990	Ralstonia syzygii Roberts et al. 1990	No								S. Eden-Green T327x			Indonesia - Central Java	1992	S.Roberts			Syzygium aromaticum (clove)		TaqMan indicates authentic Ralstonia sp.	
3793	SAMN27356557 	 		RAL_AA0351AA 	3793	Failed VC 06/10/2023. Reinstate public access when a new batch is created.	Ralstonia solanacearum	Ralstonia solanacearum (Smith 1896) Yabuuchi et al. 1996	Pseudomonas solanacearum (Smith 1896) 1914	No						1985		S. Eden-Green T718x			Indonesia - East Java	1992	S.Roberts			Solanum tuberosum			
3794	SAMN27356567 	 		RAL_AA0401AA 	3794		Ralstonia solanacearum	Ralstonia solanacearum (Smith 1896) Yabuuchi et al. 1996	Pseudomonas solanacearum (Smith 1896) 1914	No								S. Eden-Green T305x			Indonesia - Central Java	1992	S.Roberts			Syzygium aromaticum (clove)			
3815	SAMN30821945 	 		RAL_AA0244AA 	3815	"2nd VC completed 2013, 3rd VC completed 2023 (HB)"	Ralstonia solanacearum	Ralstonia solanacearum (Smith 1896) Yabuuchi et al. 1996	Pseudomonas solanacearum (Smith 1896) 1914							1992		J.E. Sellwood A5244			UK	1992	J.E. Sellwood			Solanum tuberosum		Material ex Bangladesh. Race 1. Biovar 2.	
3850	SAMN27356495 	 			3850	2ND VC rpt	Ralstonia pseudosolanacearum	Ralstonia solanacearum (Smith 1896) Yabuuchi et al. 1996	Pseudomonas solanacearum (Smith 1896) 1914												China	1993	He	R288		Morus alba	"SMT 50, CFBP 4617, NCPPB 4011"		
3851					3851	Failed 2nd VC-MB re freezedry	Ralstonia pseudosolanacearum	Ralstonia solanacearum (Smith 1896) Yabuuchi et al. 1996	Pseudomonas solanacearum (Smith 1896) 1914												China	1993	He	R292		Morus alba			
3854	SAMN27356645 	 		RAL_AA0428AA 	3854	No card record of Re-dry for BI.VC - RECHECK IN 5 YEARS	Ralstonia solanacearum	Ralstonia solanacearum (Smith 1896) Yabuuchi et al. 1996	Pseudomonas solanacearum (Smith 1896) 1914							1992		J.K. Wilson A5364			UK	1992	J.K. Wilson			Solanum tuberosum cv. Estima			
3855	SAMN30821942 	 		RAL_AA0247AA 	3855	Presumed freeze dried according to SOP PLH/808 - NO post drying checks done	Ralstonia solanacearum	Ralstonia solanacearum (Smith 1896) Yabuuchi et al. 1996	Pseudomonas solanacearum (Smith 1896) 1914							1992		J.K Wilson A5367			UK	1992	J.K. Wilson			Solanum tuberosum cv. Marfona			
3856	SAMN30821943 	 		RAL_AA0246AA 	3856	Presumed freeze dried according to SOP PLH/808 - NO post drying checks done	Ralstonia solanacearum	Ralstonia solanacearum (Smith 1896) Yabuuchi et al. 1996	Pseudomonas solanacearum (Smith 1896) 1914							1992		J.E. Sellwood A5427			UK	1992	J.E. Sellwood			Solanum tuberosum cv. Nadine			
3857					3857		Ralstonia solanacearum	Ralstonia solanacearum (Smith 1896) Yabuuchi et al. 1996	Pseudomonas solanacearum (Smith 1896) 1914							1992		J.K Wilson A5370			UK	1992	J.K. Wilson			Solanum tuberosum cv. Romano	"SMT12, CFBP 4587"	"SMT reference strain (EC official method),"	
3858	SAMN30821944 	 		RAL_AA0245AA 	3858	Presumed freeze dried according to SOP PLH/808 - NO post drying checks done	Ralstonia solanacearum	Ralstonia solanacearum (Smith 1896) Yabuuchi et al. 1996	Burkholderia solanacearum (Smith 1896) Yabuuchi et al. 1993							1992					UK	1993	J. Wilson	BR36		Solanum tuberosum cv. Cara			
3862	SAMN27356488 	 		RAL_AA0426AA 	3862		Ralstonia solanacearum	Ralstonia solanacearum (Smith 1896) Yabuuchi et al. 1996	Burkholderia solanacearum (Smith 1896) Yabuuchi et al. 1993							1991		ex C.A. Lopes			Brazil	1993	P.M.G. Parente	CNPH-17		Capsicum annuum		Biovar II.	
3863	SAMN27356489 	 		RAL_AA0478AA 	3863		Ralstonia solanacearum																						
3864	SAMN27356487 	 		RAL_AA0434AA 	3864	Presumed freeze dried according to SOP PLH/808 - NO post drying checks done	Ralstonia solanacearum	Ralstonia solanacearum (Smith 1896) Yabuuchi et al. 1996	Burkholderia solanacearum (Smith 1896) Yabuuchi et al. 1993							1991		ex C.A. Lopes			Brazil	1993	P.M.G. Parente	CNPH-55		Capsicum annuum		Biovar III.	
3865					3865	2nd VC completed 2025 - MB	Ralstonia solanacearum	Ralstonia solanacearum (Smith 1896) Yabuuchi et al. 1996	Burkholderia solanacearum (Smith 1896) Yabuuchi et al. 1993							1991		ex C.A. Lopes			Brazil	1993	P.M.G. Parente	CNPH-19		Solanum lycopersicum		Biovar I.	
3866	SAMN27356490 	 		RAL_AA0473AA 	3866	2nd VC completed 2025 - MB	Ralstonia solanacearum	Ralstonia solanacearum (Smith 1896) Yabuuchi et al. 1996	Burkholderia solanacearum (Smith 1896) Yabuuchi et al. 1993									ex C.A. Lopes			Brazil	1993	P.M.G. Parente	CNPH-14		Solanum tuberosum		Biovar I.	
3867					3867		Ralstonia solanacearum	Ralstonia solanacearum (Smith 1896) Yabuuchi et al. 1996	Burkholderia solanacearum (Smith 1896) Yabuuchi et al. 1993							1991		ex C.A. Lopes			Brazil	1993	P.M.G. Parente	CNPH-27		Solanum tuberosum	"SMT42, CFBP 4610"	"Biovar II.SMT reference strain (EC official method),"	
3868	SAMN27356486 	 		RAL_AA0252AA 	3868		Ralstonia solanacearum	Ralstonia solanacearum (Smith 1896) Yabuuchi et al. 1996	Burkholderia solanacearum (Smith 1896) Yabuuchi et al. 1993							1991		ex C.A. Lopes			Brazil	1993	P.M.G. Parente	CNPH-110		Solanum tuberosum		Biovar II.	
3899					3899	"Deleted not a plant pathogen and duplication, =NCPPB 4129 and NCPPB 4166"	Ralstonia pickettii	Ralstonia pickettii (Ralston et al. 1973) Yabuuchi et al. 1996	Pseudomonas pickettii													1994	ATCC	ATCC 11149	ex ATCC P1150		"ATCC 11149, NCPPB 4129, NCPPB 4166"		
3968					3968	"2nd VC completed 2013, 3rd VC completed 2023 (HB)"	Ralstonia solanacearum	Ralstonia solanacearum (Smith 1896) Yabuuchi et al. 1996	Burkholderia solanacearum (Smith 1896) Yabuuchi et al. 1996												Colombia	1997	J. Elphinstone	R133	ex Sequeira	Musa (Plantain)		Biovar 1 (Moko). RFLP 25 (Cook et al).	
3969	SAMN27356658 	 		RAL_AA0477AA 	3969	2ND VC rpt	Ralstonia solanacearum	Ralstonia solanacearum (Smith 1896) Yabuuchi et al. 1996	Ralstonia solanacearum (Smith 1896) Yabuuchi et al. 1996												Venezuela	1997	J. Elphinstone	R367	ex Kelman	Musa (Plantain)		Biovar 1 (Moko-SFR). RFLP 28 (Cook et al).	
3970	SAMN27356613 	 		RAL_AA0438AA 	3970	OX & HOST	Ralstonia solanacearum	Ralstonia solanacearum (Smith 1896) Yabuuchi et al. 1996	Ralstonia solanacearum (Smith 1896) Yabuuchi et al. 1996												Philippines	1997	J. Elphinstone	R651	ex Soguilon	Musa (Banana)		Biovar 1 (Bugtok).	
3971	SAMN27356614 	 		RAL_AA0503AA 	3971	OX & HOST. 2nd VC completed 2013. 3rd VC completed 2024- HB	Ralstonia solanacearum	Ralstonia solanacearum (Smith 1896) Yabuuchi et al. 1996	Ralstonia solanacearum (Smith 1896) Yabuuchi et al. 1996												Philippines	1997	J. Elphinstone	R495	ex S. Eden-Green	Musa (Banana)		Biovar 1 (Bugtok).	
3973	SAMN27356651 	 		RAL_AA0305AA 	3973	OX & HOST; 2nd VC done 2026- TMTC 5 years\xCA	Ralstonia solanacearum	Ralstonia solanacearum (Smith 1896) Yabuuchi et al. 1996	Ralstonia solanacearum (Smith 1896) Yabuuchi et al. 1996	No											USA	1997	J. Elphinstone	R842	ex Kelman	Solanum lycopersicum		Biovar 1. RFLP 1 (Cook et al).	
3974	SAMN27356596 	 		RAL_AA0455AA 	3974	HOST	Ralstonia solanacearum	Ralstonia solanacearum (Smith 1896) Yabuuchi et al. 1996	Ralstonia solanacearum (Smith 1896) Yabuuchi et al. 1996												Mexico	1997	J. Elphinstone	R287	ex Fujikovsky	Solanum lycopersicum		Biovar 1. RFLP 3 (Cook et al)	
3975					3975	"Appears A-Typical when grown on SPA until 4 days old, does not produce brown pigmentation on TSBA. 2nd VC completed 2025 - MB"	Ralstonia solanacearum	Ralstonia solanacearum (Smith 1896) Yabuuchi et al. 1996	Ralstonia solanacearum (Smith 1896) Yabuuchi et al. 1996												Colombia	1997	J. Elphinstone	R281	ex Sequeria	Solanum lycopersicum		Biovar 1. RFLP 6 (Cook et al).	
3976					3976	OX & HOST. 2nd VC completed 2013. 2rd VC completed 2023- HB	Ralstonia solanacearum	Ralstonia solanacearum (Smith 1896) Yabuuchi et al. 1996	Ralstonia solanacearum (Smith 1896) Yabuuchi et al. 1996												Costa Rica	1997	J. Elphinstone	R285	ex Gonzalez			Biovar 1. RFLP 4 (Cook et al).	
3977	SAMN27356510 	 		RAL_AA0391AA 	3977	OX & HOST	Ralstonia solanacearum	Ralstonia solanacearum (Smith 1896) Yabuuchi et al. 1996	Ralstonia solanacearum (Smith 1896) Yabuuchi et al. 1996												Costa Rica	1997	J. Elphinstone	R286	ex Sequeria	M. perfoliatum		Biovar 1. RFLP 5 (Cook et al)	
3978					3978	OX & HOST. 2nd VC completed 2013. 2rd VC completed 2023- HB	Ralstonia solanacearum	Ralstonia solanacearum (Smith 1896) Yabuuchi et al. 1996	Ralstonia solanacearum (Smith 1896) Yabuuchi et al. 1996												Brazil	1997	J. Elphinstone	R296	ex Robbs	Nicotiana tabacum		Biovar 1. RFLP 7 (Cook et al).	
3980	SAMN27356473 	 		RAL_AA0463AA 	3980	OX & HOST	Ralstonia solanacearum	Ralstonia solanacearum (Smith 1896) Yabuuchi et al. 1996	Ralstonia solanacearum (Smith 1896) Yabuuchi et al. 1996							1966					Australia	1997	J. Elphinstone	R309	ex A.C. Hayward	Solanum tuberosum		Bivar 2A. RFLP 26B (Cook et al)	
3982	SAMN27356491 	 		RAL_AA0472AA 	3982	OX & HOST	Ralstonia solanacearum	Ralstonia solanacearum (Smith 1896) Yabuuchi et al. 1996	Ralstonia solanacearum (Smith 1896) Yabuuchi et al. 1996												Chile	1997	J. Elphinstone	R576	ex Martin	Solanum tuberosum		Biovar 2A. RFLP 27A (Cook et al)	
3983	SAMN56505474 	 		RAL_AA1857AA 	3983	"2nd VC completed 2013, 3rd VC completed 2023 (HB)"	Ralstonia syzygii subsp. indonesiensis	Ralstonia solanacearum (Smith 1896) Yabuuchi et al. 1996	Ralstonia solanacearum (Smith 1896) Yabuuchi et al. 1996	No											Indonesia	1997	J. Elphinstone	R784		Solanum tuberosum		Biovar 2A.	
3985	SAMN16125522 SAMN27356606 	  	GCF_015910635.1 	RAL_AA0189AA 	3985	"GM,OX & HOST. BII is contaminated CH 12/10/18"	Ralstonia solanacearum	Ralstonia solanacearum (Smith 1896) Yabuuchi et al. 1996	Ralstonia solanacearum (Smith 1896) Yabuuchi et al. 1996												Peru	1997	J. Elphinstone	R576	ex Aley	Solanum melongena	"SMT 44, CFBP 4612"	"Biovar 2T. RFLP 31 (Cook et al). SMT reference strain (EC official method),"	
3986	SAMN27356612 	 		RAL_AA0439AA 	3986	Failed VC 12/10/2023. Reinstate public access when new batch is created	Ralstonia solanacearum	Ralstonia solanacearum (Smith 1896) Yabuuchi et al. 1996	Ralstonia solanacearum (Smith 1896) Yabuuchi et al. 1996												Peru	1997	J. Elphinstone	R583	ex Martin	Solanum tuberosum		Biovar 2T.	
3987	SAMEA247238 SAMEA4156337 SAMN22612360 	   	GCF_023075395.1 		3987	"2nd VC completed 2013, 3rd VC completed 2024 (HB)"	Ralstonia solanacearum	Ralstonia solanacearum (Smith 1896) Yabuuchi et al. 1996	Ralstonia solanacearum (Smith 1896) Yabuuchi et al. 1996												Brazil	1997	J. Elphinstone	R590	ex J.R. Neto	Solanum tuberosum		Biovar 2T.	
3988					3988	2nd VC done 2026- TMTC 5 years\xCA	Ralstonia solanacearum	Ralstonia solanacearum (Smith 1896) Yabuuchi et al. 1996	Ralstonia solanacearum (Smith 1896) Yabuuchi et al. 1996	No											Indonesia	1997	J. Elphinstone	R780		Solanum tuberosum		Biovar 2T.	
3989					3989	OX & HOST 2nd VC completed 2025 - MB	Ralstonia solanacearum	Ralstonia solanacearum (Smith 1896) Yabuuchi et al. 1996	Ralstonia solanacearum (Smith 1896) Yabuuchi et al. 1996												Brazil	1997	J. Elphinstone	R568	ex J.R. Neto	Solanum tuberosum	"SMT 45, CFBP 4613"	"Biovar 2T. RFLP 33 (Cook et al). SMT reference strain (EC official method),"	
3990	SAMN27356607 	 		RAL_AA0445AA 	3990	OX & HOST	Ralstonia solanacearum	Ralstonia solanacearum (Smith 1896) Yabuuchi et al. 1996	Ralstonia solanacearum (Smith 1896) Yabuuchi et al. 1996												Peru	1997	J. Elphinstone	R361	ex Turkensteen	Solanum tuberosum		Biovar 2T. RFLP 29 (Cook et al)	
3991					3991	2nd VC done 2026- TMTC 5 years\xCA	Ralstonia solanacearum	Ralstonia solanacearum (Smith 1896) Yabuuchi et al. 1996	Ralstonia solanacearum (Smith 1896) Yabuuchi et al. 1996	No											Costa Rica	1997	J. Elphinstone	R295	ex Gonzalez	Solanum tuberosum		RFLP 14 (Cook et al)	
3992	SAMN27356474 	 		RAL_AA0392AA 	3992	OX & HOST. 2nd VC completed 2013. 2rd VC completed 2023- HB	Ralstonia pseudosolanacearum	Ralstonia solanacearum (Smith 1896) Yabuuchi et al. 1996	Ralstonia solanacearum (Smith 1896) Yabuuchi et al. 1996												Australia	1997	J. Elphinstone	R278	ex A.C. Hayward	Nicotiana tabacum		Biovar 3. RFLP 12 (Cook et al)	
3993	SAMN27356511 	 		RAL_AA0390AA 	3993	OX & HOST	Ralstonia pseudosolanacearum	Ralstonia solanacearum (Smith 1896) Yabuuchi et al. 1996	Ralstonia solanacearum (Smith 1896) Yabuuchi et al. 1996												Costa Rica	1997	J. Elphinstone	R284	ex Gonzalez	Capsicum hybrid		Biovar 3. RFLP 8 (Cook et al) Phylotype I (NCPPB 2021)	
3994	SAMN27356496 	 		RAL_AA0467AA 	3994	F.A.P. OX & HOST. 2nd VC completed 2013. 3rd VC completed 2023- HB	Ralstonia psuedosolanacearum		Ralstonia solanacearum (Smith 1896) Yabuuchi et al. 1996												China	1997	J.Elphinstone	R290	ex He	Olea europea			
3995					3995	OX & HOST	Ralstonia pseudosolanacearum	Ralstonia solanacearum (Smith 1896) Yabuuchi et al. 1996	Ralstonia solanacearum (Smith 1896) Yabuuchi et al. 1996												Costa Rica	1997	J. Elphinstone	R304	ex Sequeria	E. odoratum		Biovar 3. RFLP 13 (Cook et al) Phylotype I (NCPPB 2021)	
3996	SAMN27356610 	 		RAL_AA0441AA 	3996	OX & HOST	Ralstonia pseudosolanacearum	Ralstonia solanacearum (Smith 1896) Yabuuchi et al. 1996	Ralstonia solanacearum (Smith 1896) Yabuuchi et al. 1996												Peru	1997	J. Elphinstone			Lycopersicon esculentum	"SMT 46, CFBP 3928"	"Biovar 3. RFLP 9 (Cook et al). SMT reference strain (EC official method),"	
3997					3997		Ralstonia pseudosolanacearum	Ralstonia solanacearum (Smith 1896) Yabuuchi et al. 1996	Ralstonia solanacearum (Smith 1896) Yabuuchi et al. 1996												Australia	1997	J. Elphinstone	R280	ex A.C. Hayward	Solanum tuberosum	"SMT 47, CFBP 4614"	"Biovar 3. RFLP 10 (Cook et al). SMT reference strain (EC official method),"	
3998	SAMN27356497 	 		RAL_AA0466AA 	3998	"GM,OX & HOST, 2ND VC rpt. Failed VC 06/11/2023- Reinstate public access when new batch is created"	Ralstonia pseudosolanacearum																						
3999					3999	Failed VC 03/11/2023. Reinstate public access when a new batch is created	Ralstonia pseudosolanacearum	Ralstonia solanacearum (Smith 1896) Yabuuchi et al. 1996	Ralstonia solanacearum (Smith 1896) Yabuuchi et al. 1996												Indonesia	1997	J. Elphinstone	R430	ex Supriadi	Zingiber(Ginger)		Biovar 3.	
4000	SAMN27356638 SAMN44820520 	  	GCF_054491935.1 	RAL_AA0436AA RAL_AA1790AA 	4000	2ND VC	Ralstonia pseudosolanacearum	Ralstonia solanacearum (Smith 1896) Yabuuchi et al. 1996	Ralstonia solanacearum (Smith 1896) Yabuuchi et al. 1996												Thailand	1997	J. Elphinstone	R767	ex J. Janse	Zingiber(Ginger)		Biovar 3.	
4001	SAMN27356475 	 		RAL_AA0352AA 	4001		Ralstonia pseudosolanacearum	Ralstonia solanacearum (Smith 1896) Yabuuchi et al. 1996	Ralstonia solanacearum (Smith 1896) Yabuuchi et al. 1996												Australia	1997	J. Elphinstone	R277	ex A.C. Hayward	Zingiber(Ginger)		Biovar 4. RFLP 21 (Cook et al)	
4002					4002	"GM,OX & HOST 2nd VC completed 2013. \xA3rd VC completed 2024- HB"	Ralstonia pseudosolanacearum	Ralstonia solanacearum (Smith 1896) Yabuuchi et al. 1996	Ralstonia solanacearum (Smith 1896) Yabuuchi et al. 1996												Australia	1997	J. Elphinstone	R279	ex A.C. Hayward	Zingiber(Ginger)		Biovar 4. RFLP 22 (Cook et al)	
4003	SAMN27356498 	 		RAL_AA0465AA 	4003	2nd VC done 2026- TMTC 5 years\xCA	Ralstonia pseudosolanacearum	Ralstonia solanacearum (Smith 1896) Yabuuchi et al. 1996	Ralstonia solanacearum (Smith 1896) Yabuuchi et al. 1996	No											China	1997	J. Elphinstone	R294	ex He	Zingiber(Ginger)		Biovar 4. RFLP 23 (Cook et al).	
4004	SAMN27356509 	 		RAL_AA0393AA 	4004		Ralstonia pseudosolanacearum	Ralstonia solanacearum (Smith 1896) Yabuuchi et al. 1996	Ralstonia solanacearum (Smith 1896) Yabuuchi et al. 1996												Costa Rica	1997	J. Elphinstone	R354	ex Gonzalez	Zingiber(Ginger)		Biovar 4.	
4005	SAMN27356615 	 			4005	"GM,OX & HOST"	Ralstonia pseudosolanacearum	Ralstonia solanacearum (Smith 1896) Yabuuchi et al. 1996	Ralstonia solanacearum (Smith 1896) Yabuuchi et al. 1996												Philippines	1997	J. Elphinstone	R470	ex Quimio	Zingiber(Ginger)	"SMT 49, CFBP 4616"	"Biovar 4.SMT reference strain (EC official method),"	
4006	SAMN27356492 	 		RAL_AA0471AA 	4006	OX & HOST. 2nd VC completed 2013. 3rd VC completed 2023- HB	Ralstonia pseudosolanacearum	Ralstonia solanacearum (Smith 1896) Yabuuchi et al. 1996	Ralstonia solanacearum (Smith 1896) Yabuuchi et al. 1996	No											China	1997	J. Elphinstone	R289	ex He	Olea europaea		Biovar 4.	
4007	SAMN27356493 	 		RAL_AA0470AA 	4007	OX & HOST	Ralstonia pseudosolanacearum	Ralstonia solanacearum (Smith 1896) Yabuuchi et al. 1996	Ralstonia solanacearum (Smith 1896) Yabuuchi et al. 1996												China	1997	J. Elphinstone	R291	ex He	Morus sp(Mulberry)		Biovar 4. RFLP 16 (Cook et al)	
4008	SAMN27356499 	 		RAL_AA0464AA 	4008	"GM,OX & HOST"	Ralstonia pseudosolanacearum	Ralstonia solanacearum (Smith 1896) Yabuuchi et al. 1996	Ralstonia solanacearum (Smith 1896) Yabuuchi et al. 1996												China	1997	J. Elphinstone	R293	ex He	Arachis hypogaea		Biovar 4. RFLP 16 (Cook et al).	
4009	SAMN27356653 	 		RAL_AA0420AA 	4009	FAP & VC	Ralstonia pseudosolanacearum	Ralstonia solanacearum (Smith 1896) Yabuuchi et al. 1996	Ralstonia solanacearum (Smith 1896) Yabuuchi et al. 1996												USA	1997	J. Elphinstone	R300	ex Kelman	Nicotiana tabacum		Biovar 4. RFLP 17 (Cook et al).	
4010					4010	OX & HOST. 2nd VC completed 2013. 3rd VC completed 2023- HB	Ralstonia pseudosolanacearum	Ralstonia solanacearum (Smith 1896) Yabuuchi et al. 1996	Ralstonia solanacearum (Smith 1896) Yabuuchi et al. 1996												Malaysia	1997	J. Elphinstone	R413	ex S. Eden-Green	Solanum lycopersicum			
4011	SAMN27356495 	 			4011	"GM,OX & HOST"	Ralstonia pseudosolanacearum	Ralstonia solanacearum (Smith 1896) Yabuuchi et al. 1996	Ralstonia solanacearum (Smith 1896) Yabuuchi et al. 1996												China	1997	J. Elphinstone	R288	ex He	Morus sp. (Mulberry)	"SMT 50, CFBP 4617, NCPPB 3850"	"Biovar 5. RFLP 20 (Cook et al).SMT reference strain (EC official method),"	
4012	SAMN27356494 	 		RAL_AA0469AA 	4012	FAP & VC. 2nd VC completed 2013. 3rd VC completed 2024- HB	Ralstonia pseudosolanacearum	Ralstonia solanacearum (Smith 1896) Yabuuchi et al. 1996	Ralstonia solanacearum (Smith 1896) Yabuuchi et al. 1996												China	1997	J. Elphinstone	R292	ex He	Morus sp(Mulberry)		Biovar 5. RFLP 10 (Cook et al).	
4025					4025		Ralstonia solanacearum	Ralstonia solanacearum (Smith 1896) Yabuuchi et al. 1996	Ralstonia solanacearum (Smith 1896) Yabuuchi et al. 1996												Costa Rica	1997	J. Elphinstone	R283	ex Sequeria	Musa (Banana)		Biovar 1.	
4026					4026		Ralstonia solanacearum	Ralstonia solanacearum (Smith 1896) Yabuuchi et al. 1996	Ralstonia solanacearum (Smith 1896) Yabuuchi et al. 1996												Indonesia	1997	J. Elphinstone	R223	ex S. Eden-Green	Musa (Banana)			
4027					4027		Ralstonia solanacearum	Ralstonia solanacearum (Smith 1896) Yabuuchi et al. 1996	Ralstonia solanacearum (Smith 1896) Yabuuchi et al. 1996												USA	1997	J. Elphinstone	R301	ex Kelman	Solanum lycopersicum		Biovar 1.	
4028					4028	"FAP,OX,HOST"	Ralstonia solanacearum	Ralstonia solanacearum (Smith 1896) Yabuuchi et al. 1996	Ralstonia solanacearum (Smith 1896) Yabuuchi et al. 1996												Colombia	1997	J. Elphinstone	R303	ex Sequiera	Solanum lycopersicum	"SMT 43, CFBP 4611"	"Biovar 2a.SMT reference strain (EC official method),"	
4029	SAMN16125523 	 	GCF_015910515.1 		4029		Ralstonia pseudosolanacearum	Ralstonia solanacearum (Smith 1896) Yabuuchi et al. 1996	Ralstonia solanacearum (Smith 1896) Yabuuchi et al. 1996												Sri Lanka	1997	---	R297	ex CMI	Solanum tuberosum	"SMT 48, CFBP 4615"	"Biovar 4.SMT reference strain (EC official method),"	
4048					4048	Acceded 05/99 CM	Wautersia eutropha	Ralstonia eutropha( Davis 1969) Yabuuchi et al. 1996	Ralstonia eutropha													1999	NCIMB	NCIMB 11842			ATCC17697 ICPB3984 IMET10383 NRRLB2804 CCUG1776 DSM531 LMG1199		
4049					4049	Acceded 05/99 CM	Wautersia eutropha	Ralstonia eutropha( Davis 1969) Yabuuchi et al. 1996	Ralstonia eutropha													1999	NCIMB				NCIMB 10442 ATCC17699 ATCC23440 CCUG13797 DSM428 IAM12567 LMG1201		
4129					4129	"Deleted not a plant pathogen and duplication, =NCPPB 4129 and NCPPB 4166"	Ralstonia pickettii	Ralstonia pickettii (Ralston et al. 1973) Yabuuchi et al. 1996	Ralstonia pickettii (Ralston et al. 1973) Yabuuchi et al. 1996													2000	J.Elphinstone				",NCPPB 3899, NCPPB 4166, ATCC 11149"		
4130					4130	"Deleted not a plant pathogen and duplication, =NCPPB 4129 and NCPPB 4166"	Ralstonia pickettii	Ralstonia pickettii (Ralston et al. 1973) Yabuuchi et al. 1996	Ralstonia pickettii (Ralston et al. 1973) Yabuuchi et al. 1996									M. Pickett				2000	J.Elphinstone				"NCPPB 4131, NCPPB 4165, CFBP 2459, ATCC 27511, ICPB 3981, DSMZ 6297, LMG 5942"		
4131					4131	"Deleted not a plant pathogen and duplication, =NCPPB 4129 and NCPPB 4166"	Ralstonia pickettii	Ralstonia pickettii (Ralston et al. 1973) Yabuuchi et al. 1996	Ralstonia pickettii (Ralston et al. 1973) Yabuuchi et al. 1996													2000	J.Elphinstone				"NCPPB 4130, NCPPB 4165, CFBP 2559"		
4153	SAMN30821926 	 			4153		Ralstonia solanacearum	Ralstonia solanacearum (Smith 1896) Yabuuchi et al. 1996	Ralstonia solanacearum (Smith 1896) Yabuuchi et al. 1996							1998					Egypt	2001	J.Elphinstone			Solanum tuberosum	"SMT 6, CFBP 4582"	Biovar 2.1998 FAP profile typical fluidal colony type. 2000 BOX PCR typical of Biovar 2 (2000 SMT reference strain(EC Official method)	
4154					4154	2nd VC completed 2023 - HB	Ralstonia solanacearum	Ralstonia solanacearum (Smith 1896) Yabuuchi et al. 1996	Ralstonia solanacearum (Smith 1896) Yabuuchi et al. 1996									J. van Vaernebergh			Turkey	2001	J.Elphinstone			Solanum tuberosum	"SMT 10, CFBP"	"Biovar 2.2000 (pathogenic on tomato). SMT reference strain (official EC method.FAP profile typical (2000), BOX PCR profile typical (2000), Fluidal colony type (2000), Biovar 2 (2000)"	
4155					4155		Ralstonia solanacearum	Ralstonia solanacearum (Smith 1896) Yabuuchi et al. 1996	Ralstonia solanacearum (Smith 1896) Yabuuchi et al. 1996							1989		J. van Vaerenbergh			Belgium		J.Elphinstone			Solanum tuberosum	"SMT 26, CFBP 4601, LMG 9575"	"Biovar 2.2000 (pathogenic on tomato), SMT reference strain (EC official method), FAP profile typical (2000), BOX PCR profile typical (2000), Fluidal colony type, Biovar 2 (2000)"	
4156	SAMN27356598 	 			4156		Ralstonia solanacearum	Ralstonia solanacearum (Smith 1896) Yabuuchi et al. 1996	Ralstonia solanacearum (Smith 1896) Yabuuchi et al. 1996	No						1995		J. Janse			Netherlands	2001	J.Elphinstone			Solanum tuberosum cv Bildstar)	"SMT 71, CFBP3857, PD2762"	"Race 3 Biovar 2.Pathogenic on tomato (2000) SMT reference strain (EC official method). FAP profile typical (2000), BOX-PCR typical profile (2000), Fluidal colony type, Biovar 2 (2000)"	
4157	SAMN30821928 	 			4157	REDRY NOW (2016)	Ralstonia solanacearum	Ralstonia solanacearum (Smith 1896) Yabuuchi et al. 1996	Ralstonia solanacearum (Smith 1896) Yabuuchi et al. 1996							1995		D. Caffier			France	2001	J.Elphinstone			Solanum tuberosum cv charlotte	"SMT 67, LNPV 15.01"	"Biovar 2.2000( Pathogenic on tomato), SMT reference strain (official EC method), FAP profile typical (2000), BOX-PCR typical profile (2000), Fluidal colony type (2000), Biovar 2 (2000)."	
4158	SAMN27356621 	 			4158	2nd VC completed 2023 - HB	Ralstonia solanacearum	Ralstonia solanacearum (Smith 1896) Yabuuchi et al. 1996	Ralstonia solanacearum (Smith 1896) Yabuuchi et al. 1996							1995		M. Sousa-Santos			Portugal	2001	J.Elphinstone			Solanum tuberosum	"SMT 39, CFBP 4608"	"Biovar 2.2000 (pathogenic on tomato), SMT reference strain (official EC method),FAP profile typical (2000), BOX-PCR typical profile (2000), Fluidal colony type (2000), Biovar 2 (2000)."	
4159					4159		Ralstonia solanacearum	Ralstonia solanacearum (Smith 1896) Yabuuchi et al. 1996	Ralstonia solanacearum (Smith 1896) Yabuuchi et al. 1996							1997		M. Ravnikar			Unknown	2001	J.Elphinstone	CSL971980		Solanum tuberosum	"SMT 40, CFBP 4609"	"Isolated by Dr Maja Ravnikar in Slovenia from imported potatoes. Biovar 2.2000 (pathogenic on tomato), SMT reference strain (official EC method),FAP profile typical (2000), BOX-PCR typical profile (2000), Fluidal colony type (2000), Biovar 2 (2000)."	
4160	SAMN27356632 	 		RAL_AA0484AA 	4160		Ralstonia solanacearum	Ralstonia solanacearum (Smith 1896) Yabuuchi et al. 1996	Ralstonia solanacearum (Smith 1896) Yabuuchi et al. 1996							1996		M. Lopez			Spain	2001	J.Elphinstone			Solanum tuberosum	"SMT 69, IVIA 1632-2"	"Biovar 2.2000 (pathogenic on tomato, SMT reference strain (official EC method), FAP profile typical(2000), BOX-PCR typical profile (2000), Fluidal colony type (2000), Biovar 2 (2000)"	
4161	SAMN27356542 	 			4161		Ralstonia solanacearum	Ralstonia solanacearum (Smith 1896) Yabuuchi et al. 1996	Ralstonia solanacearum (Smith 1896) Yabuuchi et al. 1996							1996		P. Mueller			Germany	2001	J.Elphinstone			Solanum tuberosum	"SMT 76, B3B"	"Biovar 2.Pathogenic on tomato (2000), SMT reference strain (official EC method), FAP typical profile (2000), BOX-PCR typical profile (2000), Biovar 2 (2000), Fluidal colony type)."	
4165					4165	Deleted not a plant pathogen	Ralstonia pickettii	Ralstonia pickettii (Ralston et al. 1973) Yabuuchi et al. 1996	Ralstonia pickettii (Ralston et al. 1973) Yabuuchi et al. 1996									M. Pickett				2001	D.Caffier	CFBP2459		"Human, ex tracheotomy patient"	"CFBP 2459, ATCC 27511, ICPB 3981, NCPPB 4130, NCPPB 4131, LMG 5942, DSMZ 6297"	Cross reacts with OLI-1/Y2 PCR primers	
4166					4166	Deleted not a plant pathogen	Ralstonia pickettii	Ralstonia pickettii (Ralston et al. 1973) Yabuuchi et al. 1996	Ralstonia pickettii (Ralston et al. 1973) Yabuuchi et al. 1996													2001	J.Elphinstone	SMT58			"SMT 58, ATCC 11149, NCPPB 4129, NCPPB 3899"	Cross reacts with Ralstonia solanacearum polyclonal antisera	
4167					4167	"Not a plant pathogen, AA 06/17"	Ralstonia sp.	Ralstonia sp.										J. Janse				2001	J.Elphinstone	SMT60		Milk	"SMT 60, PD 2778"	Cross reacts with Ralstonia solanacearum polyclonal antisera	
4211	SAMN27356579 	 		RAL_AA0516AA 	4211	Failed 2nd VC- refreeze-dry	Ralstonia solanacearum	Ralstonia solanacearum (Smith 1896) Yabuuchi et al. 1996	Ralstonia solanacearum (Smith 1896) Yabuuchi et al. 1996							2001		J G Elphinstone			Kenya	2001	J G Elphinstone			Pelargonium hortorum var. Ganymed		AFLP fingerprint indicates Biovar 2A; pathogenic to Solanum lycopersicum	
4212	SAMN27356580 	 		RAL_AA0514AA 	4212		Ralstonia solanacearum	Ralstonia solanacearum (Smith 1896) Yabuuchi et al. 1996	Ralstonia solanacearum (Smith 1896) Yabuuchi et al. 1996							2001		J G Elphinstone			Kenya	2001	J G Elphinstone			Pelargonium hortorum var. Lady		AFLP fingerprint indicates Biovar 2A; pathogenic to Solanum lycopersicum	
4213	SAMN27356581 	 		RAL_AA0513AA 	4213	VC 2 done 2026-MB 4.3x10^7\xCA	Ralstonia solanacearum	Ralstonia solanacearum (Smith 1896) Yabuuchi et al. 1996	Ralstonia solanacearum (Smith 1896) Yabuuchi et al. 1996	No						2001		J G Elphinstone			Kenya	2001	J G Elphinstone			River Water		AFLP fingerprint indicates Biovar 2A; pathogenic to Solanum lycopersicum	
4214	SAMN27356582 	 		RAL_AA0512AA 	4214	2nd VC done 2026- TMTC 5 years\xCA	Ralstonia pseudosolanacearum	Ralstonia solanacearum (Smith 1896) Yabuuchi et al. 1996	Ralstonia solanacearum (Smith 1896) Yabuuchi et al. 1996	No						2001		J G Elphinstone			Kenya	2001	J G Elphinstone			Soil		AFLP fingerprint indicates Biovar 3/4?; pathogenic to Solanum lycopersicum	
4215	SAMN27356578 	 		RAL_AA0517AA 	4215		Ralstonia pseudosolanacearum	Ralstonia solanacearum (Smith 1896) Yabuuchi et al. 1996	Ralstonia solanacearum (Smith 1896) Yabuuchi et al. 1996							2001		J G Elphinstone			Kenya	2001	J G Elphinstone			River Water		AFLP fingerprint indicates Biovar 3/4?; pathogenic to Solanum lycopersicum	
4362	SAMN27356657 	 		RAL_AA0254AA 	4362	Full genome sequenced. Removed from public access due to low stock	Ralstonia solanacearum		Ralstonia solanacearum							2003		Caitilyn Alten			USA	2006	j.elphinstone	UW551	CSL	Pelargonium x hortorum cv. Americana Dark Red		Race 3 Biovar 2. Genome sequenced. Host plant originated in Kenya. Cutting raised in USA.	
4694	SAMN57364248 	 	GCF_056897615.1 	RAL_AA1878AA 	4694		Ralstonia pseudosolanacearum		Ralstonia pseudosolanacearum (Smith 1896) Safni et al. 2014	No								S. Carroll			Thailand	2022				Boesenbergia rotunda			
4695					4695		Ralstonia pseudosolanacearum		Ralstonia pseudosolanacearum (Smith 1896) Safni et al. 2014	No								S. Carroll			Thailand	2022	S. Carroll			Boesenbergia rotunda			
4816					4816	"Depositer: Positive in TaqMan assay of Weller et al. (2000); egl barcode available, see multifasta file; Depositer suggested media: mSMSA, Pseudomonas Agar F with 10 g/l sucrose (PAF sucrose); 27\xA1C"	Ralstonia pseudosolanacearum		Ralstonia pseudosolanacearum	No						2000	Belgium	Johan Van Vaerenbergh		Solanum tuberosum (potato)	"Kambila (Kati), Mali"		Jolien Venneman	GBBC 699	ILVO	Solanum tuberosum (potato)		"biovar 3, phylotype-sequevar I-46"	
4817					4817	"Depositer:\xCAPositive in TaqMan assay of Weller et al. (2000); egl barcode available, see multifasta file. Depositer: suggested media:\xCAmSMSA, Pseudomonas Agar F with 10 g/l sucrose (PAF sucrose); 27\xA1C"	Ralstonia pseudosolanacearum		Ralstonia pseudosolanacearum	No						2003	Belgium	Johan Van Vaerenbergh		Solanum tuberosum (potato)	"Lab\x8E, Guinea"	2026	ILVO	GBBC 1101	ILVO	Solanum tuberosum (potato)		"biovar 2T, phylotype-sequevar III-42"	
4818					4818		PLACEHOLDER - Ralstonia pseudosolanacearum			No													ILVO	GBBC 1108					
4819					4819	"Depositor:\xCAPositive in TaqMan assay of Weller et al. (2000); egl barcode available, see multifasta file. Depositor suggested media:\xCAmSMSA, Pseudomonas Agar F with 10 g/l sucrose (PAF sucrose); 27\xA1C"	Ralstonia pseudosolanacearum		Ralstonia pseudosolanacearum	No						2008	China			Solanum melongena (eggplant)	"Chongqing, China"	2026	Jolien Venneman	GBBC 1335	ILVO	Solanum melongena (eggplant)		phylotype-sequevar I-54	
4820					4820	Isolate exhibited limited pathogenicity on inoculation into tomato stem. No wilting was observed. Only a lesion around the inoculation point.	Ralstonia pseudosolanacearum		Ralstonia pseudosolanacearum	No						2006	China	Johan Van Vaerenbergh		Solanum lycopersicum (tomato)	China	2026	Jolien Venneman	GBBC 1321 B-1	"ILVO - Flanders Research Institute for Agriculture, Fisheries and Food (Belgium)"	Solanum lycopersicum (tomato)		"Positive in TaqMan assay of Weller et al. (2000); egl barcode available, see multifasta file. WGS was performed at Fera to account for differences in pathogenicity between this isolate and isolated 1321 B-2 (NCPPB 4821) - see Bioinformatics Project ID BIO0085"	
4821	SAMN57364249 	 	GCF_056897475.1 	RAL_AA1877AA 	4821	Isolate exhibited typical pathogenicity when inoculated into tomato. Wilting observed 3 days post inoculation.	Ralstonia pseudosolanacearum			No						2006	China			Solanum lycopersicum (tomato)	"Chongqing, China"	2026	Jolien Venneman	GBBC 1321 B-2	"ILVO - Flanders Research Institute for Agriculture, Fisheries and Food (Belgium)"	Solanum lycopersicum (tomato)		"phylotype I: Positive in TaqMan assay of Weller et al. (2000); egl barcode available, see multifasta file. WGS was performed at Fera to account for differences in pathogenicity between this isolate and isolated 1321 B-1 (NCPPB 4820) - see Bioinformatics Project ID BIO0085"	
4822	SAMN57364250 	 	GCF_056897635.1 	RAL_AA1876AA 	4822	Typical colony morphology on SMSA and SPA. Taqman positive using Weller et al. (2000) assay with Vreeburg et al. (2016) probe. Phylotype I as determined using the Fegan and Pryor (2005) multiplex conventional PCR assay. Year of last pathogenicity check:\xCA2020 (on tomato)	Ralstonia pseudosolanacearum		Ralstonia pseudosolanacearum	No						2020	United Kingdom	Ross Harland		Curcuma	Thailand	2026	Adam Bryning	2020014064	Fera	Curcuma			
4823	SAMN57364251 	 	GCF_056897595.1 	RAL_AA1875AA 	4823	Taqman positive using Weller et al. (2000) assay with Vreeburg et al. (2016) probe. Phylotype I as determined using the Fegan and Pryor (2005) multiplex conventional PCR assay.	Ralstonia pseudosolanacearum		Ralstonia pseudosolanacearum	No						2021	United Kingdom	Adam Bryning		Zingiber officinale (ginger)	Uganda	2026	Adam Bryning	2021020884	Fera	Zingiber officinale (ginger)			
4824	SAMN57364252 	 	GCF_056897675.1 	RAL_AA1874AA 	4824		Ralstonia pseudosolanacearum		Ralstonia pseudosolanacearum	No						2021	United Kingdom	Adam Bryning	2021023277	Zingiber officinale (ginger)	India	2026	Adam Bryning	2021023277	Fera	Zingiber officinale (ginger)		Taqman positive using Weller et al. (2000) assay with Vreeburg et al. (2016) probe. Phylotype I as determined using the Fegan and Pryor (2005) multiplex conventional PCR assay.	
4833					4833	Taqman positive using Weller et al. (2000) assay with Vreeburg et al. (2016) probe. Phylotype I as determined using the Fegan and Pryor (2005) multiplex conventional PCR assay. Year of last positive pathogenicity check: 2020 on tomato	Ralstonia pseudosolanacearum		Ralstonia pseudosolanacearum	No						2020	United Kingdom	Ross Harland		Alpinia galanga (Greater galangal)	Thailand	2026	Adam Bryning	22011292	Fera	Alpinia galanga (Greater galangal)			
